ID,Age,Education,Marital_Status,Income,Recency,TotalSpend,TotalPurchases,CampaignAccepted,WebEngagement,HouseholdDependents,Segment,SegmentName,PCA1,PCA2
5524,58,Graduation,Single,58138.0,58,1617,22,0,15,0,3,Digital-Engaged,2.0821724757673716,1.1859223450931657
2174,61,Graduation,Single,46344.0,38,27,4,0,6,2,1,Low-Engagement,-1.9015012585954616,-0.5256732074421204
4141,50,Graduation,Together,71613.0,26,776,20,0,12,0,3,Digital-Engaged,1.464915072678808,0.36394442474369637
6182,31,Graduation,Together,26646.0,26,53,6,0,8,1,1,Low-Engagement,-1.7422061029991207,-0.4427077233659581
5324,34,PhD,Married,58293.0,94,422,14,0,10,1,3,Digital-Engaged,-0.05458884329075222,0.17513934436143125
7446,48,Master,Together,62513.0,16,716,20,0,12,1,3,Digital-Engaged,0.7482622835646595,0.9527791740803071
965,44,Graduation,Divorced,55635.0,34,590,17,0,13,1,3,Digital-Engaged,0.2775390013479441,1.0871554549602083
6177,30,PhD,Married,33454.0,32,169,8,0,12,1,1,Low-Engagement,-1.2758338873290593,0.5784337568249582
4855,41,PhD,Together,30351.0,19,46,5,0,12,1,1,Low-Engagement,-1.6715502505676556,0.4894760687048302
5899,65,PhD,Together,5648.0,68,49,1,1,21,2,1,Low-Engagement,-2.336379485044374,3.043980771530344
387,39,Basic,Married,7500.0,59,61,5,0,10,0,1,Low-Engagement,-1.7877456739720017,-0.5183821544243009
2125,56,Graduation,Divorced,63033.0,82,1102,15,0,5,0,2,Established Value,1.1071092800307907,-1.5508797190312533
8180,63,Master,Divorced,59354.0,53,310,12,0,12,2,3,Digital-Engaged,-0.6875669904648133,1.1766321386830232
2569,28,Graduation,Married,17323.0,38,46,4,0,9,0,1,Low-Engagement,-1.653378576149666,-0.8075318682021619
2114,69,PhD,Single,82800.0,23,1315,25,2,10,0,0,Premium High-Value,3.465624375814892,-0.08425665305678036
9736,35,Graduation,Married,41850.0,51,96,6,0,11,2,1,Low-Engagement,-1.7336668162203739,0.7661947223902369
4939,69,Graduation,Together,37760.0,20,317,11,0,11,0,1,Low-Engagement,-0.4038064347987619,-0.10491742272737346
6565,66,Master,Married,76995.0,91,1782,24,1,16,1,3,Digital-Engaged,2.8638539007816717,1.9036410915144302
2278,30,2n Cycle,Single,33812.0,86,133,6,0,8,1,1,Low-Engagement,-1.490558574233682,-0.5253950509648722
9360,33,Graduation,Married,37040.0,41,316,11,0,12,0,1,Low-Engagement,-0.40478670257460947,0.11919149122022167
5376,36,Graduation,Married,2447.0,42,1730,28,0,1,1,2,Established Value,0.736106487294701,-1.2746038522998608
1993,66,PhD,Married,58607.0,63,972,14,1,10,1,3,Digital-Engaged,0.9069123958527877,0.15187274226508157
4047,61,PhD,Married,65324.0,0,544,17,0,10,1,3,Digital-Engaged,0.4212901109901422,0.3613050028813779
1409,64,Graduation,Together,40689.0,69,444,13,0,15,1,3,Digital-Engaged,-0.45817571427467507,1.4354598588640493
7892,46,Graduation,Single,18589.0,89,75,6,0,9,0,1,Low-Engagement,-1.451089700477392,-0.7895970312199394
2404,39,Graduation,Married,53359.0,4,257,10,0,12,2,1,Low-Engagement,-1.024882864063801,1.1710513938517177
9422,26,Graduation,Married,38360.0,26,131,7,0,5,1,1,Low-Engagement,-1.3645668371146422,-1.1714036117423414
1966,50,PhD,Married,84618.0,96,1672,25,1,8,0,2,Established Value,3.3448156318100626,-0.5873757822233652
6864,26,Master,Divorced,10979.0,34,30,6,0,8,0,1,Low-Engagement,-1.6960050168504612,-0.9536219547112614
3033,52,Master,Together,38620.0,56,318,10,0,5,0,1,Low-Engagement,-0.5350218862699975,-1.6413695032045843
5710,45,Graduation,Together,40548.0,31,120,7,1,7,1,1,Low-Engagement,-0.8273344845609925,-0.7566810123532477
7373,63,PhD,Divorced,46610.0,8,302,11,0,10,2,1,Low-Engagement,-1.105861956056341,0.7385013641886624
8755,69,Master,Married,68657.0,4,1196,17,0,10,0,2,Established Value,1.5293303111197816,-0.1970684190823104
10738,64,Master,Single,49389.0,55,65,5,0,9,2,1,Low-Engagement,-1.6785280000389793,0.21483709258543837
4339,45,PhD,Married,67353.0,37,913,23,0,7,1,2,Established Value,1.1801219873117648,-0.18781097743273545
10755,39,2n Cycle,Married,23718.0,76,81,6,0,10,1,1,Low-Engagement,-1.7520545487324335,0.0022706896431665497
8595,42,Graduation,Widow,42429.0,99,67,5,0,6,1,1,Low-Engagement,-1.4397445148528636,-1.0896773700047595
2968,72,PhD,Divorced,48948.0,53,902,22,1,13,0,3,Digital-Engaged,1.6547490335397175,0.6650409077046257
8601,35,Graduation,Married,80011.0,3,1395,19,0,12,1,3,Digital-Engaged,1.7067134931409862,0.8823785872252304
503,30,Master,Married,20559.0,88,53,5,0,10,1,1,Low-Engagement,-1.9213615651216192,-0.03735268802481749
8430,58,Graduation,Together,21994.0,4,22,3,0,5,1,1,Low-Engagement,-2.1376154166667285,-1.246733635002309
2139,40,Master,Married,7500.0,19,31,5,0,7,1,1,Low-Engagement,-2.306162052589957,-0.6568335937214095
1371,39,Graduation,Single,79941.0,72,984,15,0,3,0,2,Established Value,1.3775617605537231,-2.0810734460195084
9909,19,2n Cycle,Married,7500.0,24,122,7,0,12,0,1,Low-Engagement,-1.5688073990638847,0.07846771537064469
7286,47,Graduation,Together,41728.0,92,55,4,0,12,1,1,Low-Engagement,-1.4503579141509568,0.34282691881539434
6566,61,PhD,Married,72550.0,39,1319,19,0,13,2,3,Digital-Engaged,1.0355129544085226,1.6622859314572105
8614,58,Graduation,Widow,65486.0,29,507,16,0,6,1,2,Established Value,0.2675308718468586,-0.6795244323904182
4114,51,Master,Married,79143.0,2,1693,28,0,9,0,2,Established Value,2.9792570233282216,-0.06020405446803037
1331,38,Graduation,Single,35790.0,54,72,5,0,9,1,1,Low-Engagement,-1.556808581884213,-0.2929597907737819
2225,38,Graduation,Divorced,82582.0,54,1617,20,2,5,0,0,Premium High-Value,3.313508885783126,-1.5129893731956
9381,37,Graduation,Married,66373.0,57,606,16,0,7,2,3,Digital-Engaged,-0.04693370659141694,0.0845888298882002
6260,60,Master,Together,82384.0,55,1957,26,1,4,0,2,Established Value,3.552812376491935,-1.472016652419881
10383,49,Graduation,Divorced,70287.0,30,1093,20,0,8,0,2,Established Value,1.659382393698448,-0.6060132432964626
7437,27,Graduation,Single,27938.0,31,29,5,0,4,1,1,Low-Engagement,-1.8601376932597977,-1.4623612238795336
8375,47,PhD,Married,55954.0,63,518,16,0,15,1,3,Digital-Engaged,0.1837738658459251,1.505605975719114
6853,33,Master,Single,75777.0,12,1438,20,2,4,0,0,Premium High-Value,2.9694272179579126,-1.6942606579856394
3076,40,Graduation,Together,66653.0,18,612,18,0,7,2,3,Digital-Engaged,0.09971660820514072,0.1973451431079566
1012,63,Graduation,Single,61823.0,26,884,20,0,15,1,3,Digital-Engaged,0.9273720556403717,1.676598329755692
6518,64,PhD,Widow,67680.0,8,606,18,0,12,1,3,Digital-Engaged,0.6334809634765755,0.870056244480145
4137,67,Graduation,Together,70666.0,29,1076,15,0,11,0,2,Established Value,1.3483579254881972,-0.0604911711748399
8082,44,Graduation,Married,25721.0,75,34,4,0,8,1,1,Low-Engagement,-1.9147744218578606,-0.5638300175004949
1386,48,Graduation,Together,32474.0,0,11,3,0,8,2,1,Low-Engagement,-2.2929820187428303,0.005896563558828605
9369,36,2n Cycle,Single,88194.0,19,1274,31,2,16,1,0,Premium High-Value,3.621307317374667,2.1349229767879327
4477,57,Graduation,Together,69096.0,4,653,17,0,9,1,3,Digital-Engaged,0.595671232603264,0.1033512713287933
1357,45,Graduation,Together,74854.0,90,1562,12,0,7,3,3,Digital-Engaged,0.2969448400589099,0.4386542029610844
1402,61,Master,Married,66991.0,1,1253,18,0,7,0,2,Established Value,1.5659048713278103,-0.8814467157255931
6312,56,Graduation,Married,65031.0,29,863,26,0,17,1,3,Digital-Engaged,1.4335743833061119,2.371130293953939
8132,40,PhD,Married,60631.0,88,661,19,1,16,2,3,Digital-Engaged,0.673336862013438,2.312066287410602
1050,63,Graduation,Married,28332.0,58,65,7,0,4,0,1,Low-Engagement,-1.232867164526018,-1.9681630543984399
5846,38,Graduation,Divorced,40246.0,68,13,3,0,7,1,1,Low-Engagement,-1.669399605953423,-0.8821316197136485
1859,43,Master,Married,75251.0,34,1890,18,0,12,0,2,Established Value,2.4129629704117708,0.28293650927666103
7503,39,Graduation,Single,75825.0,40,2209,22,1,9,0,2,Established Value,3.338844776807169,-0.3650877330685416
10401,39,2n Cycle,Together,26326.0,12,18,3,0,3,0,1,Low-Engagement,-1.622500155109767,-2.3061555230309545
1618,50,Graduation,Together,56046.0,9,692,19,1,18,0,3,Digital-Engaged,1.4955145862149104,1.7919956326814381
3332,30,Graduation,Single,29760.0,87,165,8,0,11,1,1,Low-Engagement,-1.3759780107016342,0.2902523262299449
2261,46,Graduation,Married,26304.0,5,16,3,0,8,1,1,Low-Engagement,-1.9953914133757031,-0.5311087982234977
5346,42,2n Cycle,Married,23559.0,87,79,6,0,10,1,1,Low-Engagement,-1.7562922213858805,-0.008504501328765282
4119,52,Master,Together,38620.0,56,318,10,0,5,0,1,Low-Engagement,-0.5350218862699975,-1.6413695032045843
535,28,Graduation,Divorced,81361.0,18,778,26,0,4,0,2,Established Value,2.00167665545324,-1.383881207120908
5268,55,Graduation,Married,29440.0,95,56,5,0,8,2,1,Low-Engagement,-2.1760534704967176,-0.007670992575212986
273,45,Master,Married,36138.0,48,151,8,1,10,2,1,Low-Engagement,-1.2326615295423635,0.5579178060865593
4452,58,Graduation,Single,50388.0,3,372,13,2,13,1,3,Digital-Engaged,0.6023559986256753,0.8654125380750393
8504,42,Graduation,Married,79593.0,70,1366,18,1,7,0,2,Established Value,2.443672846515503,-1.0498067753923126
771,48,Graduation,Together,54178.0,79,194,9,0,4,1,1,Low-Engagement,-0.7960892106685522,-1.4436136535806425
11178,43,Master,Single,42394.0,69,32,4,0,8,1,1,Low-Engagement,-1.5162507826500682,-0.6094052073991829
2230,45,PhD,Married,23626.0,84,43,7,0,8,1,1,Low-Engagement,-1.7468258909894474,-0.45591032753234145
7516,32,Graduation,Married,30096.0,30,45,5,0,8,1,1,Low-Engagement,-1.7356025548348486,-0.4944225749056154
7247,55,Graduation,Widow,47916.0,72,606,17,1,13,1,3,Digital-Engaged,0.5756102079387414,1.0124298047461584
11100,43,Graduation,Divorced,51813.0,37,63,5,0,9,2,1,Low-Engagement,-1.6242710644357539,0.22570376073667991
4646,64,2n Cycle,Married,78497.0,44,978,24,1,7,0,2,Established Value,2.4844004402925823,-0.8029964263968538
3037,32,PhD,Married,50150.0,32,410,14,0,10,0,3,Digital-Engaged,0.17368131802560408,-0.2874126389211777
1473,55,2n Cycle,Single,47823.0,0,72,5,0,10,1,1,Low-Engagement,-1.2595306827029809,-0.03169595527765966
1016,56,PhD,Single,34554.0,43,55,5,0,8,1,1,Low-Engagement,-1.6177661766449545,-0.5214249368476729
4518,36,Graduation,Together,85693.0,59,1169,25,0,14,1,3,Digital-Engaged,2.0952495034929144,1.5128210240633457
9370,70,PhD,Married,65846.0,68,1120,15,0,10,0,2,Established Value,1.2621629149695928,-0.32830074875036447
8908,56,Graduation,Married,87195.0,35,1097,19,0,4,0,2,Established Value,1.9422032573923798,-1.673772701128357
8373,36,Basic,Together,24594.0,94,29,4,0,6,1,1,Low-Engagement,-1.973184602086564,-1.066532121173543
7533,51,Graduation,Married,49096.0,15,187,9,0,11,2,1,Low-Engagement,-1.2731354896930445,0.89205740294592
2683,46,Graduation,Married,52413.0,56,910,22,0,12,2,3,Digital-Engaged,0.3810290366692817,1.5700469185338348
3629,37,Graduation,Single,38557.0,17,145,7,0,10,1,1,Low-Engagement,-1.2754006675930478,0.05412965175749149
10991,55,Master,Married,89058.0,18,850,13,0,7,0,2,Established Value,1.3889052325479219,-1.1558411443408176
5077,36,Graduation,Together,77298.0,46,969,23,0,9,1,2,Established Value,1.4998972631481657,0.25948311456859185
7431,24,PhD,Single,68126.0,40,1820,16,1,16,0,3,Digital-Engaged,2.563160601285308,1.1378954425896532
3267,52,Master,Together,57288.0,27,608,17,1,14,1,3,Digital-Engaged,0.811800580339446,1.2727632261581558
999,24,Graduation,Single,86037.0,95,730,24,2,9,0,0,Premium High-Value,2.94362296709248,-0.4544772400897881
9215,35,PhD,Married,43974.0,19,551,16,0,13,1,3,Digital-Engaged,-0.10953688003953024,1.1013737962282755
2286,53,Graduation,Single,50785.0,27,114,6,0,8,2,1,Low-Engagement,-1.5494072624048199,0.033154974391634943
1592,45,Graduation,Married,90765.0,25,1724,15,2,5,0,0,Premium High-Value,3.254089383820076,-1.6917566018289953
367,37,2n Cycle,Married,36550.0,74,577,15,0,18,1,3,Digital-Engaged,-0.25461587815035647,2.248387585266947
5234,48,2n Cycle,Together,30753.0,85,81,5,0,6,2,1,Low-Engagement,-2.1525069233348093,-0.4879611289786648
9862,46,Graduation,Together,21918.0,37,33,5,0,8,1,1,Low-Engagement,-1.9422071590188155,-0.47635752563500805
9805,62,Master,Together,56129.0,65,660,18,0,10,1,3,Digital-Engaged,0.38199718914194775,0.3614612326093048
6205,48,Master,Single,32557.0,13,80,6,0,7,1,1,Low-Engagement,-1.5920368853161586,-0.6908051094380071
8442,30,Master,Married,19510.0,63,30,4,0,8,2,1,Low-Engagement,-2.511966076385765,0.018703382713643905
7386,39,Graduation,Divorced,30992.0,83,43,4,0,8,1,1,Low-Engagement,-1.7789055296958924,-0.5882516808174935
7215,32,Graduation,Single,101970.0,69,1135,27,3,8,0,0,Premium High-Value,4.165365841643389,-0.6424078784103183
1491,50,2n Cycle,Together,71488.0,87,559,14,0,4,0,2,Established Value,0.7398812022150244,-1.8683187451562921
11071,31,Graduation,Single,79607.0,37,1923,15,0,4,0,2,Established Value,2.221767634383013,-1.7906675842263853
3381,62,Master,Married,54348.0,51,90,6,0,8,2,1,Low-Engagement,-1.4822085461551227,-0.002689496121906508
11051,59,PhD,Together,77376.0,72,661,19,0,10,2,3,Digital-Engaged,0.5218924013129362,0.8763442703898633
8026,63,Graduation,Married,62998.0,10,463,14,0,10,1,3,Digital-Engaged,0.0848139290010898,0.24688103103694312
433,57,Master,Alone,61331.0,42,632,18,0,19,2,3,Digital-Engaged,0.1678485464027928,3.1098201130743086
9597,46,Graduation,Married,73448.0,10,725,18,0,11,0,2,Established Value,1.3072849682171448,0.05701483698604151
5290,51,PhD,Married,41551.0,51,279,11,0,13,2,1,Low-Engagement,-1.198983150679031,1.4400452478092693
1685,48,PhD,Together,62981.0,21,1482,22,1,7,0,2,Established Value,2.420799740074713,-0.7995759398494682
5342,39,Basic,Divorced,9548.0,31,29,4,0,9,1,1,Low-Engagement,-2.299222363711463,-0.22540350552057437
9579,56,PhD,Married,33762.0,61,106,6,0,10,3,1,Low-Engagement,-2.3752949888754338,1.088848865913056
7660,42,PhD,Alone,35860.0,37,49,4,1,6,2,1,Low-Engagement,-1.6694565881660235,-0.5518884454777067
1461,50,PhD,Divorced,36921.0,74,38,5,0,9,2,1,Low-Engagement,-2.0002737848432988,0.23376940836039167
821,23,Master,Single,92859.0,46,2077,21,0,7,0,2,Established Value,3.141860898255418,-0.8881429581300696
11084,39,Master,Together,65104.0,4,1053,15,0,10,1,3,Digital-Engaged,0.7335080023180727,0.2897564168150462
8690,53,Graduation,Married,86111.0,73,1385,22,0,7,0,2,Established Value,2.432101191146622,-0.8655234197476177
2937,41,PhD,Single,68352.0,47,871,22,0,14,1,3,Digital-Engaged,1.2002343039089969,1.4650736814808323
9701,27,Graduation,Together,41883.0,13,312,9,0,11,1,1,Low-Engagement,-0.8921114094464115,0.3667711494857471
9949,39,Graduation,Married,59809.0,36,877,12,0,11,2,3,Digital-Engaged,-0.18490834941326667,0.9554207218214534
10837,40,Graduation,Married,23957.0,47,68,5,0,8,1,1,Low-Engagement,-1.8605181732692702,-0.4925212684181814
3120,34,Graduation,Together,38547.0,49,22,3,0,9,1,1,Low-Engagement,-1.6753821126097719,-0.3706250959829276
5885,42,2n Cycle,Married,35688.0,94,211,9,0,12,3,1,Low-Engagement,-1.99232150704532,1.6475274049304753
4050,49,Master,Married,49605.0,65,127,7,0,5,0,1,Low-Engagement,-0.6500672193458983,-1.7972345979707696
3830,62,Master,Married,59354.0,59,459,15,0,7,2,1,Low-Engagement,-0.41705956816934947,0.0658594265908201
7987,46,Graduation,Married,65747.0,96,460,15,1,14,1,3,Digital-Engaged,0.7517965268989438,1.1006966377617087
7798,43,2n Cycle,Together,46344.0,28,429,13,0,14,1,3,Digital-Engaged,-0.35534151031327926,1.216325573882385
92,27,Graduation,Alone,34176.0,12,89,7,0,9,1,1,Low-Engagement,-1.4462310130803768,-0.17114490896694565
7055,63,PhD,Together,61010.0,57,1021,24,0,13,1,3,Digital-Engaged,1.2842156675765786,1.3095722551870461
10240,66,Graduation,Together,69372.0,10,1381,20,2,14,0,0,Premium High-Value,2.909994912479608,0.7605991615743978
3025,57,Graduation,Single,49967.0,4,306,12,0,13,1,3,Digital-Engaged,-0.46581538974223313,0.9480906946286567
9283,37,Graduation,Single,60199.0,49,18,3,0,4,3,1,Low-Engagement,-2.1165166261730373,-0.5524744696502424
9970,38,Graduation,Together,55375.0,3,162,8,0,3,1,1,Low-Engagement,-0.8898442012140078,-1.6501720256694756
2730,60,Graduation,Single,80317.0,64,1231,17,0,4,0,2,Established Value,1.761125203012828,-1.75432566474611
2795,57,Master,Single,30523.0,0,13,3,0,8,3,1,Low-Engagement,-2.7826061015701558,0.5629984526235513
9260,70,PhD,Married,70356.0,20,1706,25,0,16,0,3,Digital-Engaged,2.6748616398605107,1.5417523779081967
8182,31,Graduation,Married,23228.0,91,121,7,0,11,1,1,Low-Engagement,-1.641774533928113,0.2690903934684634
10095,40,PhD,Divorced,74165.0,9,1293,19,0,7,0,2,Established Value,1.8450638688082297,-0.8745873229998997
8475,42,PhD,Married,157243.0,98,1608,22,0,0,1,2,Established Value,2.2911843993836865,-2.066993450002473
4370,49,Graduation,Together,43482.0,83,88,6,0,8,3,1,Low-Engagement,-2.1840608743858003,0.5493113237895223
10573,62,Graduation,Divorced,62551.0,27,421,17,1,9,0,2,Established Value,1.1404033530670012,-0.513433121636006
3712,56,Graduation,Divorced,52332.0,63,259,11,1,7,0,1,Low-Engagement,0.30634346350728264,-1.2280971367337514
6637,27,Graduation,Single,66951.0,46,1117,14,0,4,0,2,Established Value,1.125974762741835,-1.8062571530895102
3152,58,Graduation,Together,26091.0,84,89,6,0,7,2,1,Low-Engagement,-2.1732881797118826,-0.19219816059423278
5610,50,Graduation,Together,33456.0,58,36,4,0,8,2,1,Low-Engagement,-2.1717412354558565,-0.019353115631890357
6460,33,Graduation,Married,28718.0,78,57,5,0,10,1,1,Low-Engagement,-1.722764385633771,-0.052378803359010725
1349,45,Graduation,Married,50447.0,4,148,7,0,9,2,1,Low-Engagement,-1.4456204462925049,0.3382890242803662
1880,56,PhD,Together,53537.0,17,93,6,0,7,2,1,Low-Engagement,-1.5178946779333924,-0.20873928601984604
641,48,Graduation,Single,52074.0,77,119,6,1,6,1,1,Low-Engagement,-0.6295144148594883,-1.1196543957352523
8717,40,PhD,Married,80427.0,56,1835,27,0,16,1,3,Digital-Engaged,2.734053478735732,2.0998697703371634
10314,67,PhD,Married,83837.0,79,1318,24,2,13,0,0,Premium High-Value,3.474374903182193,0.548538382525828
10854,45,PhD,Married,38853.0,90,45,5,0,9,2,1,Low-Engagement,-1.9455141918699435,0.21149801013278136
10492,56,Graduation,Together,38285.0,96,10,3,0,2,3,1,Low-Engagement,-2.671445359052534,-1.019362046800402
6935,64,2n Cycle,Married,78497.0,44,978,24,1,7,0,2,Established Value,2.4844004402925823,-0.8029964263968538
7698,39,PhD,Married,51650.0,81,191,9,0,9,1,1,Low-Engagement,-0.786337012615935,-0.2210641543151206
3559,27,2n Cycle,Married,16248.0,77,57,6,0,8,1,1,Low-Engagement,-1.9823430289730173,-0.4625714628594563
10562,69,Master,Married,66835.0,21,1033,23,0,8,0,2,Established Value,1.7305545324903273,-0.47623529787600605
10796,31,Master,Married,30477.0,16,66,5,0,7,1,1,Low-Engagement,-1.7239637609581029,-0.7244194435752189
2563,54,Basic,Married,28249.0,80,43,5,0,8,0,1,Low-Engagement,-1.33285785891179,-1.0908917475724418
3518,32,Graduation,Married,25271.0,45,50,4,0,10,1,1,Low-Engagement,-1.8858155671963766,-0.044872932246347905
5823,45,PhD,Single,32303.0,63,39,5,0,6,1,1,Low-Engagement,-1.712952812082658,-1.0217847598151824
3934,49,Graduation,Married,61286.0,34,608,16,0,12,1,3,Digital-Engaged,0.3453002757456187,0.7896321155004113
6982,39,Graduation,Married,74068.0,14,1581,23,0,6,0,2,Established Value,2.3658750136027202,-0.9722479929314106
6431,51,PhD,Married,45759.0,13,68,5,0,9,2,1,Low-Engagement,-1.7684288819705416,0.26906357867352493
9733,37,Basic,Together,24882.0,52,80,4,1,7,1,1,Low-Engagement,-1.4465586531831587,-0.8405495146112841
5602,26,PhD,Together,66973.0,98,1282,27,0,11,0,2,Established Value,2.2894844268658914,0.32477036491699773
1324,27,Graduation,Married,38872.0,93,91,6,0,11,1,1,Low-Engagement,-1.361822636279301,0.18137820987043834
326,42,Graduation,Married,51148.0,38,315,12,0,11,2,1,Low-Engagement,-0.8969622914940448,0.9741038230602131
7224,38,Graduation,Married,31353.0,24,31,4,0,9,2,1,Low-Engagement,-2.2164793396547977,0.26523123914637675
6999,35,Master,Married,69661.0,80,834,22,0,10,0,2,Established Value,1.5869754775736045,-0.0976119091077327
9938,61,Graduation,Married,80067.0,82,1600,16,1,6,0,2,Established Value,2.5123868615211413,-1.3780395781129295
6422,61,Graduation,Married,86718.0,20,1270,16,0,7,0,2,Established Value,1.9186390545788337,-1.0355280846264525
3182,42,PhD,Single,46854.0,81,263,9,1,13,2,1,Low-Engagement,-0.7567955291199964,1.259095149238485
7300,63,Graduation,Divorced,69142.0,50,535,16,1,13,1,3,Digital-Engaged,0.9500593241246196,0.931503734168245
10424,47,Graduation,Single,75922.0,60,1295,17,0,5,0,2,Established Value,1.7268926050842786,-1.4925560571943302
8727,37,Graduation,Divorced,63693.0,63,1150,26,0,17,1,3,Digital-Engaged,1.6630182624258956,2.343643207802401
2798,38,PhD,Together,102160.0,54,1240,26,3,11,0,0,Premium High-Value,4.231727225271688,0.06730292709509157
1030,50,PhD,Single,40637.0,72,38,4,0,8,2,1,Low-Engagement,-1.9954512703016754,-0.05590655396082523
624,31,Master,Single,18890.0,5,35,3,1,6,0,1,Low-Engagement,-1.2785707741772656,-1.6056659725176408
5176,27,Graduation,Together,29604.0,88,53,4,1,10,1,1,Low-Engagement,-1.3088627011813088,-0.1622144115456673
5552,52,Master,Divorced,48721.0,50,293,11,0,10,2,1,Low-Engagement,-1.0578811196619258,0.6889185519036491
868,49,Graduation,Married,44794.0,99,65,5,0,8,1,1,Low-Engagement,-1.3554467084611566,-0.6103148862306063
380,61,Graduation,Divorced,64497.0,17,1804,24,1,19,1,3,Digital-Engaged,2.617456029383813,2.748356652829915
2677,59,Graduation,Together,46097.0,11,241,10,0,7,1,1,Low-Engagement,-0.8433499101555917,-0.5816103709034329
6521,61,Graduation,Together,77972.0,18,1101,19,0,5,0,2,Established Value,1.7363972502840537,-1.3843983586425685
6927,47,PhD,Married,44377.0,70,264,11,0,13,2,1,Low-Engagement,-1.1420699430894876,1.4116955434406115
2877,41,Master,Together,46014.0,21,541,16,0,14,2,3,Digital-Engaged,-0.49727299312371337,1.8873075075313601
0,30,Graduation,Married,70951.0,66,1198,16,0,4,0,2,Established Value,1.4367696752780046,-1.7645373392518529
1584,38,Graduation,Married,41443.0,79,482,14,0,16,1,3,Digital-Engaged,-0.32039218473928455,1.703513230409327
7264,37,2n Cycle,Single,52195.0,2,17,3,0,9,3,1,Low-Engagement,-2.2428462282237214,0.7371701322045172
6274,67,Master,Married,83790.0,81,1615,24,2,11,0,0,Premium High-Value,3.7106240226320972,0.06315860110138018
1377,61,Master,Widow,44551.0,24,285,10,0,11,1,1,Low-Engagement,-0.7810491497989765,0.3838025151824809
454,35,Graduation,Together,69508.0,48,1135,26,0,17,1,3,Digital-Engaged,1.7875649130935172,2.3407886899867845
1755,27,2n Cycle,Together,45204.0,93,114,6,0,4,1,1,Low-Engagement,-1.2910847271316856,-1.541506920830306
2075,46,Graduation,Married,72460.0,56,1047,15,0,4,0,2,Established Value,1.2666924389703353,-1.7974791504932481
4785,45,PhD,Together,77622.0,3,714,20,0,9,2,3,Digital-Engaged,0.6217910608105667,0.7401889218521902
9076,35,PhD,Married,30732.0,44,185,9,0,12,1,1,Low-Engagement,-1.255743410080541,0.6116206086882534
7079,53,Graduation,Divorced,63887.0,38,1245,27,0,15,1,3,Digital-Engaged,1.7902505270644637,1.9197633151008155
4653,37,Graduation,Together,42011.0,46,189,8,0,11,1,1,Low-Engagement,-1.0649034733100107,0.294452686903148
7375,39,Graduation,Together,51369.0,84,576,14,0,16,1,3,Digital-Engaged,0.0032988464708415387,1.6686537584615082
709,63,Graduation,Divorced,51537.0,27,1103,15,0,10,1,3,Digital-Engaged,0.4548761673146721,0.3088449338535749
460,43,PhD,Married,79930.0,72,1753,16,0,5,0,2,Established Value,2.1658005521957704,-1.5491036728116276
3726,29,PhD,Together,34320.0,66,17,3,0,9,1,1,Low-Engagement,-1.7794129703831532,-0.3749561660737701
6798,49,Graduation,Single,37070.0,30,433,14,0,12,2,1,Low-Engagement,-0.9767693606332061,1.3442550480017559
5341,53,2n Cycle,Divorced,81975.0,2,1588,13,1,13,1,3,Digital-Engaged,1.9878500058151447,0.8417371809722428
1606,44,Graduation,Together,38590.0,65,22,3,0,9,1,1,Low-Engagement,-1.6723396730925189,-0.3871166812160586
9617,64,Graduation,Single,15033.0,37,19,4,0,4,0,1,Low-Engagement,-1.8058045763138215,-2.0164943340628483
3233,50,PhD,Married,62745.0,89,1117,26,0,12,1,3,Digital-Engaged,1.540882384335894,1.1028504653943227
89,40,2n Cycle,Married,22212.0,49,69,6,0,8,1,1,Low-Engagement,-1.8316319371791316,-0.4523026739506611
2936,33,Master,Together,23661.0,46,23,4,0,8,1,1,Low-Engagement,-1.9778315541085298,-0.5279142771279289
9449,57,PhD,Single,79761.0,32,605,18,0,8,1,2,Established Value,0.8678035240940228,-0.16537618236315813
7297,42,Graduation,Single,7500.0,54,57,7,0,10,1,1,Low-Engagement,-2.0952236040360988,0.1114255216274302
313,47,Graduation,Widow,73455.0,98,2088,21,1,9,0,2,Established Value,3.185323083005344,-0.45429607088699225
9940,57,Graduation,Together,64961.0,97,1009,14,0,9,1,3,Digital-Engaged,0.6179686811392516,-0.08556290429013051
10735,44,Graduation,Single,22804.0,75,26,4,0,11,1,1,Low-Engagement,-1.948315358599667,0.17519975793827164
9529,25,Graduation,Married,73687.0,8,1627,21,1,5,0,2,Established Value,2.7078124071812937,-1.3414536716973153
6439,57,Graduation,Married,61074.0,37,1102,24,0,18,1,3,Digital-Engaged,1.4288830832368988,2.547493992415445
7411,51,PhD,Married,31686.0,31,17,4,0,7,2,1,Low-Engagement,-2.249345773885357,-0.22982631988013125
2176,43,Graduation,Married,80134.0,40,1690,14,3,11,1,0,Premium High-Value,3.009584860518169,0.2398742889306247
9265,62,Graduation,Married,75027.0,74,1390,19,0,14,1,3,Digital-Engaged,1.6204512305607897,1.311901060532294
8867,27,PhD,Married,67546.0,90,2126,19,0,7,0,2,Established Value,2.4429879351060513,-0.9278076183150565
8932,46,Master,Together,65176.0,57,1531,21,0,15,1,3,Digital-Engaged,1.661820251242979,1.6784002922089964
10236,40,Master,Single,31160.0,59,64,5,0,10,1,1,Low-Engagement,-1.6601293651864601,-0.04044750550139105
6340,30,Graduation,Single,29938.0,52,26,4,0,7,1,1,Low-Engagement,-1.8379951918047268,-0.7968331909807399
10089,41,Graduation,Divorced,102692.0,5,1112,28,4,8,0,0,Premium High-Value,4.671058647954038,-0.6003610603167897
2227,57,2n Cycle,Together,26490.0,92,210,9,0,9,0,1,Low-Engagement,-0.9304513729927286,-0.7051589188068554
10992,48,Graduation,Together,75702.0,77,1148,21,0,12,2,3,Digital-Engaged,1.087590983909227,1.4421284809821466
5304,41,PhD,Single,30899.0,35,33,4,0,7,1,1,Low-Engagement,-1.8107347166502066,-0.7823554487027777
309,54,PhD,Together,63342.0,48,1101,16,1,14,1,3,Digital-Engaged,1.33244039419235,1.2010525597369905
3406,51,Graduation,Single,45989.0,97,322,12,0,6,1,1,Low-Engagement,-0.6376904369905516,-0.8379912971908968
2661,51,Graduation,Single,18701.0,95,44,6,0,7,2,1,Low-Engagement,-2.390027566268743,-0.18102502584555202
3153,58,PhD,Single,40737.0,24,17,3,0,9,3,1,Low-Engagement,-2.5157080875673397,0.7501982978865767
10264,36,Graduation,Divorced,15287.0,60,31,4,1,8,1,1,Low-Engagement,-1.7057023888563576,-0.5761590933188612
1184,47,PhD,Divorced,69674.0,46,845,22,0,15,2,3,Digital-Engaged,0.7805024092949661,2.256126142388719
4200,45,Master,Married,44159.0,85,275,11,0,9,1,1,Low-Engagement,-0.7512767473978502,-0.12733027385269846
9396,37,PhD,Married,37717.0,31,25,3,0,10,1,1,Low-Engagement,-1.6803161798734714,-0.10625828857463544
2387,63,Master,Together,43776.0,9,275,11,0,13,2,1,Low-Engagement,-1.154318747112817,1.476044469204978
6690,49,Master,Married,38179.0,30,90,7,0,10,2,1,Low-Engagement,-1.7748748936181948,0.5924648741466567
1225,52,Graduation,Married,80124.0,47,1495,18,1,4,0,2,Established Value,2.5254364983778927,-1.7566066366989574
9703,45,PhD,Married,38097.0,70,184,7,1,10,2,1,Low-Engagement,-1.2228989476255983,0.49286873906971096
291,45,Graduation,Married,72940.0,13,981,12,0,4,0,2,Established Value,1.0045140345869543,-1.866251762708128
4557,45,Graduation,Together,22070.0,11,67,6,0,8,1,1,Low-Engagement,-1.841610393077571,-0.41303332940795323
2379,62,Graduation,Single,69267.0,31,1635,12,0,10,0,2,Established Value,1.592485434520649,-0.40599613180778693
5726,32,Master,Single,31788.0,15,60,7,0,8,1,1,Low-Engagement,-1.5439037798464195,-0.4104829687672234
3066,40,PhD,Together,61905.0,2,231,10,0,9,1,1,Low-Engagement,-0.4439832431853203,-0.13480797571755063
6336,55,Graduation,Married,29315.0,55,48,6,0,8,2,1,Low-Engagement,-2.1215398120031193,0.07036791029358179
10967,52,Graduation,Divorced,33378.0,38,99,6,0,9,2,1,Low-Engagement,-1.9656037419446597,0.3190664699293201
2304,52,PhD,Together,66313.0,86,770,21,0,10,1,3,Digital-Engaged,0.9373939871115365,0.4201464488867658
3445,59,Graduation,Single,60714.0,56,957,21,0,12,0,3,Digital-Engaged,1.4385273129895695,0.4058750015100441
7828,34,Master,Together,77882.0,29,818,11,0,4,0,2,Established Value,0.9095201622584204,-1.9365491000174475
3762,29,PhD,Single,69867.0,30,925,16,1,4,0,2,Established Value,1.6260030473834852,-1.7873231495613928
4391,47,Master,Divorced,63841.0,64,908,21,0,15,1,3,Digital-Engaged,1.071920531932825,1.6685957049287832
4669,34,Basic,Married,24480.0,46,102,7,0,10,1,1,Low-Engagement,-1.648943740432419,0.06765179141524492
10144,39,Graduation,Together,51369.0,84,576,14,0,16,1,3,Digital-Engaged,0.0032988464708415387,1.6686537584615082
8652,69,Graduation,Together,37760.0,20,317,11,0,11,0,1,Low-Engagement,-0.4038064347987619,-0.10491742272737346
1672,41,PhD,Together,65640.0,74,461,14,0,7,1,2,Established Value,0.11080467761783253,-0.5568382780942736
8962,40,Master,Married,44319.0,18,37,5,0,7,2,1,Low-Engagement,-1.8594404220770402,-0.21863792420347583
9974,41,Graduation,Married,30631.0,75,70,6,0,10,1,1,Low-Engagement,-1.5957514393070067,-0.01825764779516974
10983,63,Graduation,Together,75278.0,17,930,22,0,9,0,2,Established Value,1.7856718672419503,-0.292926609902935
8148,59,Master,Together,50898.0,88,859,20,0,11,2,3,Digital-Engaged,0.14883867261881123,1.2244277795283078
10102,49,Graduation,Widow,79946.0,19,1478,21,0,8,0,2,Established Value,2.3053065753847752,-0.5836739590186681
4697,66,Master,Divorced,35416.0,62,390,13,0,15,0,3,Digital-Engaged,-0.191627555585132,0.9073215179853672
9262,31,2n Cycle,Together,32414.0,11,52,4,1,8,0,1,Low-Engagement,-0.838336932811939,-1.1299819165088452
7254,46,Graduation,Together,38361.0,74,137,7,0,10,1,1,Low-Engagement,-1.2801355705168422,-0.003626254329666641
4543,35,Graduation,Married,82497.0,32,1919,18,1,6,0,2,Established Value,2.990052488927172,-1.2572925667676962
4927,44,Graduation,Together,16626.0,76,68,6,0,12,2,1,Low-Engagement,-2.3478022225355377,1.0618844942760466
10451,50,Graduation,Together,29672.0,6,25,3,0,6,2,1,Low-Engagement,-2.3780715313171727,-0.47813660564678934
2926,63,Master,Together,55951.0,62,1374,20,2,11,1,0,Premium High-Value,2.10090675322585,0.569944421630077
2874,27,2n Cycle,Divorced,35388.0,20,32,4,0,8,1,1,Low-Engagement,-1.6909303015320816,-0.5375887572932726
9738,29,Master,Together,42386.0,43,100,6,0,11,1,1,Low-Engagement,-1.2754977565396415,0.22170217063993541
7119,33,Graduation,Single,68627.0,45,825,11,0,3,0,2,Established Value,0.6805752009737405,-2.167497807813917
3924,50,PhD,Divorced,57912.0,34,916,23,1,13,1,3,Digital-Engaged,1.5075702717844666,1.2447261392151148
5827,57,Graduation,Divorced,35246.0,53,62,7,0,8,2,1,Low-Engagement,-1.8968513688142936,0.09102141483321617
5596,59,2n Cycle,Together,58821.0,44,728,20,0,15,1,3,Digital-Engaged,0.7175274577276001,1.6658023885223852
10812,37,PhD,Married,46377.0,89,90,6,0,6,1,1,Low-Engagement,-1.2556907072549146,-1.0545992125056134
1717,27,Graduation,Single,39747.0,43,273,10,0,13,1,1,Low-Engagement,-0.875784864999899,0.8658551352013009
9491,31,Graduation,Together,23976.0,68,66,7,0,10,1,1,Low-Engagement,-1.6905887881685435,0.046329443740660295
9274,54,Master,Married,80950.0,44,1213,22,1,8,0,2,Established Value,2.6293111514675913,-0.6383687208981446
6609,49,Graduation,Widow,27038.0,64,107,6,0,12,0,1,Low-Engagement,-1.1784890325166664,-0.05980730812678872
6963,68,Graduation,Single,77457.0,85,1157,17,1,3,0,2,Established Value,2.0786399033833995,-2.0710723415689176
4440,51,Master,Married,64100.0,93,546,17,1,15,1,3,Digital-Engaged,0.9429500582282019,1.4268501298840957
1379,23,Master,Together,42670.0,12,241,10,0,8,0,1,Low-Engagement,-0.4683679536744848,-0.879704393367886
10032,39,Graduation,Divorced,12571.0,86,53,7,0,9,1,1,Low-Engagement,-1.9889357970560901,-0.18021672484534282
2826,48,Graduation,Married,22574.0,28,37,5,0,9,3,1,Low-Engagement,-2.794754417448541,0.8763191482530824
6320,39,Master,Single,70893.0,42,1508,22,0,9,0,2,Established Value,2.201639755929887,-0.2985962784473419
3050,49,Graduation,Married,54198.0,13,235,10,0,7,2,1,Low-Engagement,-1.096301849150403,-0.057780705811686935
231,59,Master,Together,28839.0,86,32,5,0,7,2,1,Low-Engagement,-2.2277622206165937,-0.24022573171670258
2392,43,Graduation,Married,40321.0,59,102,6,0,10,2,1,Low-Engagement,-1.77866309869915,0.5194629860294423
9478,30,Graduation,Single,66503.0,30,401,13,0,7,1,1,Low-Engagement,0.0025234300681219093,-0.5520248045946555
113,64,Graduation,Married,30833.0,33,28,4,0,6,2,1,Low-Engagement,-2.2743501923067826,-0.4724648939084824
1802,44,Graduation,Married,64795.0,23,680,18,0,5,1,2,Established Value,0.530119276436329,-0.8390357159330423
520,41,Graduation,Married,34421.0,81,30,3,0,8,1,1,Low-Engagement,-1.7780438304217643,-0.6338215409068293
8275,50,PhD,Divorced,47025.0,6,20,3,0,8,2,1,Low-Engagement,-1.9359265798962337,-0.04527091305397458
9750,54,PhD,Divorced,64325.0,41,1307,18,0,17,1,3,Digital-Engaged,1.2585303791261062,2.0711441499407885
2607,62,Graduation,Single,40464.0,78,630,18,0,16,1,3,Digital-Engaged,0.06750724631634829,1.8565541354866915
7214,58,Graduation,Married,62187.0,49,1283,17,0,7,0,2,Established Value,1.413555952067376,-0.9521447778563106
5835,39,PhD,Divorced,14849.0,39,65,6,0,10,1,1,Low-Engagement,-1.9843903337165132,0.06741960067595723
3896,31,Graduation,Married,27255.0,3,37,4,0,8,1,1,Low-Engagement,-1.8842200720476907,-0.4949406055637993
10350,65,PhD,Married,54432.0,37,38,4,0,5,3,1,Low-Engagement,-2.15449848336298,-0.24190886780226156
7786,29,PhD,Single,29999.0,22,160,8,0,11,1,1,Low-Engagement,-1.3828703063247387,0.3559124578485234
2861,32,Graduation,Single,24072.0,79,23,3,0,9,1,1,Low-Engagement,-2.0189173401919107,-0.35641221382685956
663,26,PhD,Single,33996.0,46,71,5,0,5,0,1,Low-Engagement,-1.2175735722691494,-1.8037155587890044
10675,59,PhD,Married,66334.0,82,1161,17,0,14,1,3,Digital-Engaged,1.067563511555191,1.254490773025905
2521,44,Master,Married,35178.0,10,59,4,1,8,1,1,Low-Engagement,-1.2083897472797527,-0.5863982951534145
9592,32,Graduation,Together,22010.0,51,33,5,0,10,1,1,Low-Engagement,-1.9090359910201857,-0.004240252858752726
10151,55,Graduation,Divorced,62204.0,38,946,21,0,7,2,3,Digital-Engaged,0.5038583258392432,0.30485640658357743
7381,47,Graduation,Divorced,75693.0,10,1442,21,3,15,0,0,Premium High-Value,3.665698185909727,0.9618902169562623
4099,43,Graduation,Married,30675.0,14,62,4,0,9,1,1,Low-Engagement,-1.763552345937917,-0.2731589051124525
9560,50,Graduation,Together,83003.0,18,1674,21,1,10,0,2,Established Value,3.0483135109565027,-0.16325609026251228
10172,27,Graduation,Single,68655.0,95,1538,20,0,7,0,2,Established Value,2.0127280359098743,-0.9059199389614014
11191,29,Graduation,Divorced,41411.0,11,139,7,0,8,0,1,Low-Engagement,-0.7993893240112946,-0.9864185970186846
9707,46,PhD,Married,55212.0,65,1182,17,2,12,1,0,Premium High-Value,1.7167905740704656,0.6999062037657847
6245,65,PhD,Together,59292.0,71,507,16,0,6,1,2,Established Value,0.12380497480779293,-0.7032629792050861
8234,42,Basic,Together,27190.0,13,18,3,1,9,1,1,Low-Engagement,-1.4920452336075953,-0.3586334397866153
1411,63,Graduation,Divorced,82623.0,58,940,15,0,3,0,2,Established Value,1.4008641301517406,-2.075553684698945
8553,50,Graduation,Married,44300.0,65,42,4,0,7,2,1,Low-Engagement,-1.9192296782516933,-0.30341984217707757
1826,45,Graduation,Divorced,84835.0,0,1190,14,0,5,0,2,Established Value,1.6304644128823396,-1.5705158676512774
8842,44,Graduation,Widow,30372.0,33,44,5,0,9,2,1,Low-Engagement,-2.1575757035388525,0.29605533686506563
11030,39,Master,Married,33181.0,90,16,3,1,7,1,1,Low-Engagement,-1.3692619877820036,-0.9426680571305568
2579,58,Graduation,Married,71113.0,95,835,22,0,10,1,3,Digital-Engaged,1.181990088076139,0.43361538646580117
175,29,Graduation,Married,71952.0,93,1443,20,2,12,1,0,Premium High-Value,2.5661776244306624,0.7327553695258633
9185,49,PhD,Single,69759.0,38,1029,15,0,7,0,2,Established Value,1.227120984874394,-1.040824859180427
11056,41,Graduation,Married,72099.0,18,1188,17,0,4,0,2,Established Value,1.5191079320143825,-1.6822874934252499
9365,39,PhD,Single,60000.0,57,1277,19,0,17,1,3,Digital-Engaged,1.1993128781613862,2.104709785080803
6201,37,Graduation,Single,38643.0,45,49,5,0,9,2,1,Low-Engagement,-1.952626524922537,0.2582002678959057
2061,60,Graduation,Married,50737.0,61,99,6,1,8,1,1,Low-Engagement,-0.6524177344181982,-0.6126531839038198
6184,46,PhD,Married,68462.0,6,1670,14,0,4,0,2,Established Value,1.6531952074250824,-1.7640217488211676
6142,72,Master,Married,65073.0,65,900,13,0,7,0,2,Established Value,0.8626798168495802,-1.1289933378156627
4107,67,PhD,Together,46681.0,52,425,14,0,9,2,1,Low-Engagement,-0.7937904367851805,0.561806358737551
7274,58,Graduation,Married,78618.0,87,2153,21,1,6,0,2,Established Value,3.298413144727233,-1.1887155287329036
9336,46,PhD,Widow,62187.0,38,636,18,0,10,1,3,Digital-Engaged,0.5028125692520746,0.3700240659413782
2958,37,Graduation,Married,28442.0,53,57,7,0,6,2,1,Low-Engagement,-2.0942067495469674,-0.3746560327928568
933,37,PhD,Married,37717.0,31,25,3,0,10,1,1,Low-Engagement,-1.6803161798734714,-0.10625828857463544
5837,48,Graduation,Married,51479.0,67,494,15,0,13,2,3,Digital-Engaged,-0.4865004082913155,1.5426226679186135
10704,46,Graduation,Single,54803.0,65,693,17,0,10,1,3,Digital-Engaged,0.30997777741975974,0.3290885900882557
5125,55,Graduation,Married,79530.0,64,1348,25,0,6,0,2,Established Value,2.434029367526257,-0.9691527457432884
4432,39,Graduation,Divorced,31615.0,82,51,5,0,9,1,1,Low-Engagement,-1.672555756905707,-0.3088726749298384
5955,53,Graduation,Together,72025.0,27,1932,15,0,7,0,2,Established Value,2.089999228356374,-1.0267667904373055
2928,40,PhD,Single,52614.0,63,990,14,0,10,1,3,Digital-Engaged,0.3142562067176998,0.23062624232461862
5680,31,2n Cycle,Married,35684.0,66,30,4,0,7,1,1,Low-Engagement,-1.6944307815673725,-0.8289162173555917
10313,40,Graduation,Married,48178.0,69,254,10,0,13,2,1,Low-Engagement,-1.129444055037355,1.3639827377684508
2557,45,Master,Single,29548.0,52,29,4,1,5,1,1,Low-Engagement,-1.4092521389682486,-1.3422860526272282
1245,49,Graduation,Single,63810.0,45,1371,19,1,12,1,3,Digital-Engaged,1.7653823142748717,0.8294225814040191
1519,43,PhD,Single,38578.0,2,73,6,0,11,2,1,Low-Engagement,-1.8391495767229533,0.8261849024111549
10703,40,Master,Single,46098.0,86,120,7,0,11,2,1,Low-Engagement,-1.5358520539191185,0.754346080188969
1726,45,Graduation,Single,22585.0,23,81,4,1,10,0,1,Low-Engagement,-1.018061833017413,-0.6247479879054713
4459,26,Graduation,Single,30279.0,13,37,4,0,9,1,1,Low-Engagement,-1.7956219850499724,-0.271181207559726
1729,54,PhD,Together,66426.0,14,1377,18,0,9,1,2,Established Value,1.251648616100741,0.14613408074800852
1517,46,Graduation,Single,30822.0,92,51,4,0,8,1,1,Low-Engagement,-1.774691485801983,-0.5968390537655935
2098,46,PhD,Married,33581.0,38,17,3,0,9,2,1,Low-Engagement,-2.2433964373523216,0.20701540950011882
9543,30,Graduation,Married,19986.0,74,22,3,0,7,1,1,Low-Engagement,-2.147931638671983,-0.8253601635980206
6878,61,Graduation,Widow,27421.0,14,324,11,0,11,0,1,Low-Engagement,-0.6469876676492197,-0.06665501008339668
3310,42,2n Cycle,Married,35688.0,94,211,9,0,12,3,1,Low-Engagement,-1.99232150704532,1.6475274049304753
2724,34,Master,Single,36143.0,33,19,3,0,3,1,1,Low-Engagement,-1.8255118821744893,-1.8069948150400492
948,44,Graduation,Single,10245.0,32,41,5,0,6,1,1,Low-Engagement,-2.245656652816552,-0.9216870727688767
6720,47,Master,Together,43795.0,11,492,14,1,14,1,3,Digital-Engaged,0.17205268926438183,1.2191588773694235
6202,55,Graduation,Together,63381.0,78,1005,22,0,6,1,2,Established Value,1.087905286571601,-0.49661417514630185
2066,66,Graduation,Together,38823.0,56,114,6,0,8,1,1,Low-Engagement,-1.3908216970990748,-0.5104647822941828
9799,47,PhD,Divorced,83664.0,57,1173,16,0,7,2,2,Established Value,0.8774501383912942,0.037161654182596975
8318,36,Graduation,Together,90300.0,7,1738,19,1,6,0,2,Established Value,3.082022455429511,-1.2210515680457947
5642,36,Master,Together,62499.0,0,222,10,0,7,1,1,Low-Engagement,-0.46721717960089026,-0.6214186583188076
2669,22,Graduation,Single,74293.0,66,1127,15,0,7,0,2,Established Value,1.4275806302186531,-1.0824401161301314
455,69,PhD,Married,51012.0,86,209,9,0,10,0,1,Low-Engagement,-0.327622260094643,-0.531697813836501
7683,47,Master,Married,70777.0,80,787,20,0,8,1,2,Established Value,0.9603516174006287,-0.11093161289048963
3428,24,PhD,Together,68682.0,56,1598,23,0,6,0,2,Established Value,2.2568300738169422,-0.9983062262634935
7414,44,Graduation,Married,43824.0,18,186,8,0,11,2,1,Low-Engagement,-1.4701886086319769,0.8684801595851815
6354,31,Graduation,Together,15345.0,51,47,4,0,9,1,1,Low-Engagement,-2.141123854458486,-0.2636264872813884
798,28,Graduation,Single,23442.0,71,27,4,0,8,1,1,Low-Engagement,-1.9763750693582114,-0.5527516000091041
8213,35,2n Cycle,Together,14515.0,71,96,7,0,9,1,1,Low-Engagement,-1.9054957896123985,-0.17043899901589157
2488,59,2n Cycle,Divorced,31395.0,80,64,6,0,8,2,1,Low-Engagement,-2.05401993070161,0.03853420447704858
9999,50,Graduation,Together,75276.0,2,1040,22,0,14,0,3,Digital-Engaged,1.9553844314585112,0.9404036725863573
7617,41,Graduation,Single,42373.0,83,163,8,0,7,2,1,Low-Engagement,-1.5759616600028745,-0.167159629453969
615,55,Graduation,Together,30507.0,29,343,10,0,12,0,1,Low-Engagement,-0.6089473007071176,0.11516435634622237
2552,60,PhD,Single,55521.0,11,446,15,1,13,3,3,Digital-Engaged,-0.4173985464252754,2.0778982464370004
194,50,Graduation,Married,48006.0,55,41,4,0,7,2,1,Low-Engagement,-1.8322333777952107,-0.3046957337625454
3645,43,PhD,Single,27213.0,19,70,6,0,10,1,1,Low-Engagement,-1.6849999090845669,0.04959243646368727
8890,44,PhD,Divorced,65808.0,1,272,11,0,11,2,3,Digital-Engaged,-0.6572327850092742,0.9291738252160403
5049,41,PhD,Together,30351.0,19,46,5,0,12,1,1,Low-Engagement,-1.6715502505676556,0.4894760687048302
9973,52,Graduation,Married,50437.0,28,490,16,0,14,2,3,Digital-Engaged,-0.43573228970035727,1.8658835197511185
7301,33,2n Cycle,Single,23616.0,76,79,6,0,11,1,1,Low-Engagement,-1.7417011122395385,0.24592310075065624
10882,39,Graduation,Married,53858.0,50,915,13,0,8,1,3,Digital-Engaged,0.17637854248368745,-0.28431496279577667
7030,60,PhD,Married,66465.0,1,1485,32,1,17,1,3,Digital-Engaged,2.9052461115610515,2.5631657281257776
7422,28,Graduation,Single,46923.0,90,369,13,0,12,1,3,Digital-Engaged,-0.41663737551011387,0.663772714138259
3523,53,Graduation,Together,75072.0,83,1073,17,0,8,1,2,Established Value,1.1113665592385047,-0.234726716101457
7106,72,PhD,Married,75865.0,73,1242,18,0,4,0,2,Established Value,1.7347402352765235,-1.7127629496514782
6504,40,2n Cycle,Together,19789.0,24,78,6,1,7,1,1,Low-Engagement,-1.4349495291927148,-0.7224698952064427
5067,21,Graduation,Together,80134.0,11,1378,20,4,7,0,0,Premium High-Value,3.9933779492582846,-1.0972821687251162
4216,34,Graduation,Single,91065.0,33,1474,25,2,10,0,0,Premium High-Value,3.808275116154725,-0.11837078540453215
8581,44,Master,Married,49505.0,4,751,20,0,18,2,3,Digital-Engaged,0.11014404783328113,3.0169566347711987
5929,42,PhD,Married,37401.0,14,48,5,0,9,1,1,Low-Engagement,-1.5445976429878652,-0.25731976458483474
3129,32,Graduation,Married,30096.0,30,45,5,0,8,1,1,Low-Engagement,-1.7356025548348486,-0.4944225749056154
6528,33,Master,Together,18492.0,75,10,3,0,9,1,1,Low-Engagement,-2.1626139632760837,-0.3351330870241763
1361,41,Master,Married,82584.0,26,1435,15,2,4,0,0,Premium High-Value,2.783663992676287,-1.9139232983064633
6932,74,PhD,Married,93027.0,77,2119,22,1,9,0,2,Established Value,3.7510065733665616,-0.45632021665040734
7284,62,Graduation,Married,48686.0,8,20,3,0,9,3,1,Low-Engagement,-2.323812232139634,0.7419466632933006
1340,29,Graduation,Married,92910.0,42,1795,26,3,7,0,0,Premium High-Value,4.632185983835463,-0.8830049970633239
8746,26,Graduation,Married,75433.0,28,1188,17,2,8,1,0,Premium High-Value,2.145542738935508,-0.29831873499966766
5987,26,2n Cycle,Together,10404.0,52,43,5,0,6,1,1,Low-Engagement,-2.2375283413690035,-0.942606052145358
3767,47,Graduation,Married,61314.0,1,1008,22,0,8,1,2,Established Value,1.060410856831556,0.07526659199137156
3725,54,PhD,Single,84865.0,1,1688,15,4,6,0,0,Premium High-Value,4.020741245606293,-1.525920025960402
4324,26,Graduation,Married,42387.0,42,684,16,0,16,1,3,Digital-Engaged,0.018241395792519023,1.8143013651356865
238,48,2n Cycle,Together,67309.0,76,1082,24,0,16,2,3,Digital-Engaged,1.0939327519653346,2.552411413161318
6694,51,Graduation,Married,75236.0,27,1068,24,0,12,1,3,Digital-Engaged,1.6502038538432613,1.0532961792761482
498,45,Graduation,Single,30015.0,28,57,5,0,6,1,1,Low-Engagement,-1.7562422658828214,-0.9787119414941781
9347,59,Master,Together,50943.0,49,46,4,0,6,1,1,Low-Engagement,-1.3297608797123788,-1.102023476180135
9699,49,Graduation,Divorced,67272.0,12,733,20,0,11,1,3,Digital-Engaged,0.8628822731039678,0.6989426236167808
10664,66,Master,Widow,51529.0,14,467,15,0,17,1,3,Digital-Engaged,-0.015066461190997239,2.0187386907408276
5455,44,PhD,Married,32011.0,89,122,7,0,9,1,1,Low-Engagement,-1.459054195329755,-0.24279797388470215
456,29,2n Cycle,Married,7500.0,96,36,5,0,10,1,1,Low-Engagement,-2.248212983495588,-0.005429391687279174
5012,26,Graduation,Married,28691.0,56,34,4,0,9,1,1,Low-Engagement,-1.8311149383185235,-0.31025382960617137
7495,67,PhD,Married,56223.0,72,156,8,0,6,1,1,Low-Engagement,-0.822364535472739,-0.993337382174966
5029,69,Graduation,Married,18100.0,14,14,3,0,5,0,1,Low-Engagement,-1.7945120207531995,-1.7960265839847682
10642,26,Graduation,Single,30279.0,13,37,4,0,9,1,1,Low-Engagement,-1.7956219850499724,-0.271181207559726
2106,41,2n Cycle,Married,20130.0,99,34,4,0,9,0,1,Low-Engagement,-1.5889610274180719,-0.878730480204015
10364,56,Graduation,Divorced,23295.0,72,20,3,0,9,0,1,Low-Engagement,-1.5984842108901767,-0.8979329955810265
5954,43,Master,Divorced,42618.0,92,192,9,0,13,1,1,Low-Engagement,-0.942923017205678,0.7691323649905343
1137,51,Graduation,Single,81246.0,87,1379,16,2,5,0,0,Premium High-Value,2.793232136711489,-1.6925505255217543
2541,39,Graduation,Married,24027.0,7,48,5,0,10,1,1,Low-Engagement,-1.8525881209932407,0.03465554249019291
1142,62,PhD,Married,55707.0,91,428,14,0,6,1,1,Low-Engagement,-0.17019343958074706,-0.787143246659782
2276,60,Graduation,Single,57959.0,71,868,22,0,7,1,2,Established Value,0.8483482634851309,-0.23078313068138923
2807,46,Graduation,Married,56796.0,24,1001,24,0,15,1,3,Digital-Engaged,1.1899723441066392,1.8428730928502803
6471,44,Master,Single,36230.0,17,59,6,0,7,1,1,Low-Engagement,-1.5220120018678498,-0.7065100581768644
6131,35,2n Cycle,Married,70829.0,87,431,14,0,7,2,1,Low-Engagement,-0.23233666224478847,-0.03548891318644876
6233,39,Graduation,Married,65991.0,21,971,24,0,16,1,3,Digital-Engaged,1.3984806977248574,2.060466158884816
4148,43,Graduation,Married,38988.0,90,348,12,0,13,3,1,Low-Engagement,-1.566845088407291,1.996765543058176
4947,49,2n Cycle,Single,89572.0,44,2059,23,2,11,0,0,Premium High-Value,4.173501675507069,0.051056162613100003
3225,31,Master,Married,42207.0,71,265,10,1,10,1,1,Low-Engagement,-0.39943532975098406,0.03946221795306905
7540,63,Graduation,Married,50300.0,52,270,11,0,4,1,1,Low-Engagement,-0.6851824921153421,-1.329473364449783
10648,33,2n Cycle,Together,66664.0,78,1289,18,0,8,0,2,Established Value,1.6145856211973335,-0.7154070733688991
1992,51,Graduation,Married,60597.0,2,893,12,1,9,1,3,Digital-Engaged,0.7222545978338338,-0.10983470167884997
7851,66,Graduation,Widow,70165.0,60,926,21,0,4,0,2,Established Value,1.521770885795253,-1.5747150932007286
8594,57,PhD,Widow,50520.0,25,135,7,0,9,1,1,Low-Engagement,-1.0101937159056997,-0.23460275630853433
7059,52,Graduation,Married,80124.0,47,1495,18,1,4,0,2,Established Value,2.5254364983778927,-1.7566066366989574
2815,40,Graduation,Married,33183.0,46,120,7,0,11,1,1,Low-Engagement,-1.4088507764062093,0.2842257957413565
2416,46,PhD,Single,66582.0,83,1288,19,0,3,0,2,Established Value,1.6090558830346913,-1.90022283136784
7999,60,PhD,Together,75261.0,17,1743,16,2,7,0,0,Premium High-Value,2.996089143479107,-1.1117479228827514
9213,45,Graduation,Widow,31880.0,13,15,3,0,9,1,1,Low-Engagement,-1.8465525374374474,-0.31322693155202325
9697,64,Graduation,Married,53790.0,86,542,17,0,13,2,3,Digital-Engaged,-0.2460522015070511,1.590241446959048
3916,44,PhD,Together,49269.0,92,890,22,0,14,1,3,Digital-Engaged,0.7638770909164282,1.4784319553897114
2021,40,Graduation,Married,61456.0,47,1388,29,0,10,1,3,Digital-Engaged,1.9275616101873558,0.7765515450897891
1581,35,Graduation,Married,37406.0,18,17,3,0,9,1,1,Low-Engagement,-1.7112032484859556,-0.3354481917229369
564,34,PhD,Together,56937.0,81,906,23,1,14,1,3,Digital-Engaged,1.49564848021302,1.4429453293993826
6619,37,Graduation,Married,38415.0,91,44,4,0,8,2,1,Low-Engagement,-2.041136645395324,-0.06837825963024081
9081,27,Graduation,Single,20518.0,58,25,4,0,6,1,1,Low-Engagement,-2.0793381489101255,-1.0171336039209677
178,59,Graduation,Married,62503.0,40,973,22,0,13,1,3,Digital-Engaged,1.135523944666782,1.248115958070177
916,43,PhD,Single,41644.0,67,31,4,0,4,2,1,Low-Engagement,-2.0365345503766576,-1.0274245856667408
5512,38,Master,Married,55842.0,19,518,16,0,12,1,3,Digital-Engaged,0.13175594261406734,0.8208644938927783
8970,43,PhD,Married,62010.0,93,530,15,0,11,1,3,Digital-Engaged,0.215860619229383,0.44601599826378113
10581,38,Graduation,Married,41124.0,41,506,14,0,15,1,3,Digital-Engaged,-0.3259138458539178,1.5002565247660298
5300,42,Master,Married,38961.0,60,70,5,0,9,1,1,Low-Engagement,-1.4815704037682764,-0.3089463101986418
5154,43,Master,Divorced,37760.0,54,54,5,0,8,1,1,Low-Engagement,-1.5401618156734975,-0.5426210291071029
8346,41,Graduation,Single,32233.0,26,296,10,1,15,1,3,Digital-Engaged,-0.5442069448994578,1.3335177890289627
1676,40,Graduation,Married,43057.0,30,266,11,0,9,1,1,Low-Engagement,-0.7927587756095844,-0.06778042355139804
9286,55,Master,Together,83151.0,93,747,18,0,8,0,2,Established Value,1.5270347250582958,-0.7877582128018179
2426,51,PhD,Divorced,78825.0,35,895,28,0,8,0,2,Established Value,2.245555607320963,-0.3450079345481716
5172,39,Master,Together,65104.0,4,1053,15,0,10,1,3,Digital-Engaged,0.7335080023180727,0.2897564168150462
5562,41,Graduation,Married,60093.0,92,735,19,0,13,1,3,Digital-Engaged,0.6615112246404552,1.08930167424174
3436,46,Graduation,Married,14045.0,24,20,4,0,8,1,1,Low-Engagement,-2.2145963763827323,-0.47564387816185244
3921,63,2n Cycle,Widow,28457.0,96,205,9,0,12,0,1,Low-Engagement,-0.8433151451591538,0.014673138422826384
3403,57,PhD,Together,78952.0,11,2092,19,0,8,1,2,Established Value,2.2488641220428542,-0.08835696320524959
22,39,Graduation,Divorced,46310.0,99,309,12,0,14,1,3,Digital-Engaged,-0.5245711255266994,1.1056910865482317
10965,60,Graduation,Together,76005.0,72,1722,21,1,9,0,2,Established Value,2.915196064136142,-0.4396059933658968
9426,51,Master,Single,58308.0,77,900,11,0,10,1,3,Digital-Engaged,0.16313308197214788,0.08715195958299783
6605,71,PhD,Divorced,55614.0,85,682,19,1,16,0,3,Digital-Engaged,1.456492767143284,1.22880812451197
3136,53,Master,Divorced,59432.0,88,663,19,0,10,1,3,Digital-Engaged,0.5367424637867079,0.36458212726612405
8737,37,Graduation,Divorced,55563.0,22,43,5,0,5,1,1,Low-Engagement,-1.169591223991527,-1.2952891148646701
11088,44,PhD,Together,78642.0,83,1816,17,0,10,1,2,Established Value,1.8927168986845617,0.24901558709094274
716,66,PhD,Together,67911.0,63,976,24,0,9,1,3,Digital-Engaged,1.3522176430216348,0.30812204804502497
466,71,Graduation,Married,65275.0,9,746,20,0,6,0,2,Established Value,1.1958153706598695,-1.0595012735215041
9135,65,Graduation,Together,27203.0,92,64,4,0,9,2,1,Low-Engagement,-2.2781813702213776,0.2089333812653429
10623,54,Master,Together,48330.0,2,32,4,0,6,1,1,Low-Engagement,-1.4110697439834219,-1.0460230003231814
8151,25,Basic,Married,24279.0,6,263,8,0,12,0,1,Low-Engagement,-0.97281668285754,0.08342960844695126
5140,30,PhD,Married,64355.0,66,1445,19,0,12,1,3,Digital-Engaged,1.3828508022351866,0.8670474833993178
10160,59,Master,Together,50943.0,49,46,4,0,6,1,1,Low-Engagement,-1.3297608797123788,-1.102023476180135
4945,62,Graduation,Widow,53653.0,29,1210,26,0,16,0,3,Digital-Engaged,1.899134352324193,1.6157714189165413
10584,39,Graduation,Married,65665.0,77,945,23,0,8,1,2,Established Value,1.1878331928226182,0.02023283717546651
6071,26,Graduation,Single,81217.0,77,1157,21,0,4,0,2,Established Value,1.9969064141633404,-1.6238416080678633
3386,23,Graduation,Married,34935.0,71,137,7,0,9,0,1,Low-Engagement,-0.934832616029803,-0.7843497836277611
8939,56,Graduation,Divorced,61250.0,49,730,19,0,10,1,3,Digital-Engaged,0.6356610203066944,0.399549322833067
9925,34,PhD,Together,39665.0,97,216,9,1,11,1,1,Low-Engagement,-0.5563741831372705,0.22674182161849474
4320,36,Graduation,Single,60152.0,6,943,22,0,9,1,3,Digital-Engaged,0.9893992578706254,0.3164068620734584
5389,51,Graduation,Married,48920.0,93,347,13,1,13,2,3,Digital-Engaged,-0.35140778073312756,1.3887080201340862
6036,56,Master,Together,89120.0,78,1924,18,1,6,0,2,Established Value,3.1596260693307436,-1.3248000396424378
182,69,PhD,Together,44124.0,62,397,13,0,14,1,3,Digital-Engaged,-0.4331720668225307,1.1880978380254115
203,40,Master,Single,81169.0,47,2089,21,0,7,0,2,Established Value,2.8715434668295745,-0.8527946094629101
11025,54,Graduation,Married,36443.0,9,138,7,0,11,2,1,Low-Engagement,-1.7616263744526273,0.8631977320642424
10203,25,Graduation,Single,26095.0,77,42,4,0,8,1,1,Low-Engagement,-1.8983529528491172,-0.5669470899115064
4607,56,Graduation,Together,71367.0,24,777,16,0,6,0,2,Established Value,1.0931817891038198,-1.240756541723925
3711,71,Master,Married,80184.0,19,1902,19,2,9,0,0,Premium High-Value,3.4956886110455057,-0.5300779436498588
3696,50,Graduation,Divorced,30630.0,67,52,5,0,9,2,1,Low-Engagement,-2.1399284790323647,0.2605813116650577
2532,28,Master,Single,73454.0,95,1651,12,1,7,0,2,Established Value,2.136417826655938,-1.2742875969898682
9214,24,Graduation,Married,42691.0,48,358,12,0,10,0,1,Low-Engagement,-0.1897966495376141,-0.354899480920798
4943,62,Graduation,Married,70503.0,73,1727,15,2,8,0,0,Premium High-Value,2.8192015889959783,-0.9479108278534483
35,28,Graduation,Married,25545.0,35,210,7,0,8,1,1,Low-Engagement,-1.5570595050837233,-0.4099429961107909
2258,29,Graduation,Married,32880.0,76,42,4,0,9,1,1,Low-Engagement,-1.7206643080624966,-0.34360080252638964
4322,57,PhD,Together,77863.0,20,1291,19,0,6,0,2,Established Value,1.9190060700504346,-1.1406775400594256
713,38,Master,Married,50353.0,72,442,14,0,7,0,2,Established Value,0.16847857695498236,-1.05866304402402
4702,51,Graduation,Single,61839.0,20,1895,16,0,12,0,2,Established Value,1.9536338426613884,0.26519717768924556
3281,55,PhD,Married,49154.0,69,411,13,0,10,2,1,Low-Engagement,-0.7998370100565848,0.7431218184322258
702,40,2n Cycle,Widow,47682.0,80,521,15,0,9,1,1,Low-Engagement,-0.16770357641372585,0.01691114001561801
2004,46,Graduation,Single,72679.0,65,1168,16,0,5,1,2,Established Value,1.0232172053759392,-0.9747870866244956
4769,38,Master,Together,57954.0,52,493,16,1,15,2,3,Digital-Engaged,0.23002784419497357,2.001454809618722
4437,53,Graduation,Married,65316.0,65,260,10,0,7,2,1,Low-Engagement,-0.79991305317907,-0.1451395638457712
8724,33,Graduation,Single,28567.0,57,46,5,0,8,1,1,Low-Engagement,-1.7680973982896722,-0.517276247894098
10741,64,Master,Together,47352.0,70,319,12,0,13,1,3,Digital-Engaged,-0.5087785638752135,0.8888611238467952
1991,48,Graduation,Together,44931.0,0,96,6,0,7,1,1,Low-Engagement,-1.281663314310611,-0.7157001976033955
6931,48,Graduation,Divorced,76982.0,19,1062,15,1,12,0,2,Established Value,1.9657163085680789,0.11337948772615271
11096,63,2n Cycle,Together,57247.0,50,232,10,0,4,1,1,Low-Engagement,-0.6221133951845265,-1.3862216620971763
304,34,Master,Single,22944.0,67,76,6,0,10,1,1,Low-Engagement,-1.77628637651556,0.013817224765086547
3665,38,2n Cycle,Together,25315.0,46,54,6,0,11,1,1,Low-Engagement,-1.7270150157975932,0.2710555001320295
10591,46,Graduation,Widow,43638.0,37,201,9,0,11,1,1,Low-Engagement,-0.9464200361364277,0.3355839298587586
5036,31,PhD,Single,42710.0,38,406,12,0,10,1,1,Low-Engagement,-0.5902441051732649,0.20684203467738269
5547,33,PhD,Married,84169.0,9,1919,19,2,10,0,0,Premium High-Value,3.6201379910050218,-0.28866469371473075
7822,39,Graduation,Together,54058.0,56,662,18,0,7,1,2,Established Value,0.28904151258111627,-0.3529691321230211
8541,25,2n Cycle,Married,24683.0,98,41,6,0,7,1,1,Low-Engagement,-1.8057511942493065,-0.7537232250068715
10955,51,Graduation,Widow,85620.0,68,1600,13,0,4,0,2,Established Value,1.9412274202104798,-1.9182067479339904
4368,35,Graduation,Married,47850.0,72,134,7,0,9,1,1,Low-Engagement,-1.0694187675263351,-0.2743888676598931
9671,47,Graduation,Married,19514.0,47,69,6,1,11,2,1,Low-Engagement,-1.8310392365395953,0.7792551331137819
2256,42,Master,Married,27159.0,33,21,4,0,7,2,1,Low-Engagement,-2.3544051208062076,-0.21779343614964863
4279,52,2n Cycle,Single,39548.0,87,54,5,0,4,2,1,Low-Engagement,-1.9941044334924725,-1.0042812770063334
5371,26,Graduation,Single,21474.0,0,91,6,1,10,1,1,Low-Engagement,-1.341969759389273,0.02705945665355398
9240,44,PhD,Single,60504.0,73,526,16,0,12,1,3,Digital-Engaged,0.2578517717933496,0.751289831455689
9460,52,Graduation,Married,22419.0,74,162,7,0,11,0,1,Low-Engagement,-1.1839099540916622,-0.26162795930576677
9504,66,Master,Married,81698.0,4,1008,24,0,4,0,2,Established Value,2.074845596950546,-1.4417926746576388
8692,63,Graduation,Together,43462.0,50,240,10,0,12,2,1,Low-Engagement,-1.2724271194518193,1.1545177165318983
448,37,PhD,Single,54880.0,57,795,19,0,11,1,3,Digital-Engaged,0.5563224518767873,0.6551837853046312
8314,33,Graduation,Married,79908.0,30,1772,18,1,7,0,2,Established Value,2.8103036618376165,-1.0054649650589198
8420,45,2n Cycle,Married,15315.0,27,64,6,0,7,0,1,Low-Engagement,-1.576692370983384,-1.202894806190243
3174,56,Graduation,Together,87771.0,61,1957,19,4,11,1,0,Premium High-Value,4.2485650439092515,0.32187272786247545
7685,37,Graduation,Married,33039.0,4,78,6,0,7,1,1,Low-Engagement,-1.583365349558423,-0.6831196046669425
3179,35,Graduation,Single,81741.0,75,1572,19,0,8,0,2,Established Value,2.3003774131441297,-0.7191543091118333
9780,44,Master,Together,71499.0,12,795,24,0,12,1,3,Digital-Engaged,1.3136193584309936,1.0772432549297217
10681,45,2n Cycle,Married,62466.0,13,889,21,0,10,1,3,Digital-Engaged,0.9424035592158974,0.5080034340915005
10232,52,PhD,Divorced,48799.0,9,331,12,0,6,1,1,Low-Engagement,-0.5730694945632223,-0.7566339563219004
4184,65,PhD,Together,52157.0,48,265,10,0,7,1,1,Low-Engagement,-0.671410943421746,-0.6379639906152659
9120,53,Graduation,Single,66565.0,80,1065,15,0,12,1,3,Digital-Engaged,0.8181526321333801,0.6943720473445482
891,64,Master,Together,29298.0,60,11,3,0,6,2,1,Low-Engagement,-2.391051682096674,-0.5323170911322739
10381,36,Graduation,Single,47691.0,43,21,3,0,7,1,1,Low-Engagement,-1.4862733789761873,-0.8795648109355931
3525,45,Graduation,Together,38200.0,19,17,3,0,8,2,1,Low-Engagement,-2.149271187459604,-0.03123642402522043
6818,41,Graduation,Married,44989.0,26,369,11,0,11,1,1,Low-Engagement,-0.6252218531345837,0.4181577531957664
3526,47,PhD,Married,38443.0,58,38,4,0,8,2,1,Low-Engagement,-2.049985150010879,-0.03479146567483705
8181,37,2n Cycle,Single,38593.0,42,177,8,0,12,1,1,Low-Engagement,-1.1437859881823345,0.5523656266879277
1029,45,PhD,Together,64413.0,27,279,11,0,10,1,1,Low-Engagement,-0.25315722771054777,0.11258088533222939
7369,34,Master,Married,36959.0,56,62,5,0,10,1,1,Low-Engagement,-1.5228040112536543,-0.0553795215787682
2574,38,PhD,Married,61996.0,27,1230,18,3,11,1,0,Premium High-Value,2.438003603630391,0.45175524856722044
8159,47,Graduation,Married,51287.0,10,182,8,0,11,2,1,Low-Engagement,-1.2952566118223583,0.8534797744730742
1160,45,Graduation,Married,13260.0,48,49,6,0,11,2,1,Low-Engagement,-2.4639241523960886,0.857381422287591
10242,49,PhD,Together,47472.0,39,75,6,0,7,2,1,Low-Engagement,-1.6771687571024123,-0.21262596966516645
5253,59,Master,Together,54603.0,85,227,10,0,11,2,1,Low-Engagement,-1.0262950113362146,0.8406963008559843
5966,41,PhD,Married,45207.0,64,215,10,1,9,2,1,Low-Engagement,-0.8302784829051274,0.34446967394891836
5314,64,Graduation,Together,40689.0,69,444,13,0,15,1,3,Digital-Engaged,-0.45817571427467507,1.4354598588640493
5081,48,2n Cycle,Together,47821.0,54,47,4,0,9,2,1,Low-Engagement,-1.8022276317744255,0.18368151125904508
5123,64,Master,Married,27450.0,57,143,6,0,9,0,1,Low-Engagement,-1.1809760425156108,-0.7836096069499375
5756,32,Graduation,Together,39453.0,64,55,5,0,8,1,1,Low-Engagement,-1.497284809323163,-0.5580825099946907
8036,44,2n Cycle,Together,26850.0,10,63,7,0,6,2,1,Low-Engagement,-2.132518710010205,-0.3256924528975124
9058,60,Graduation,Widow,79800.0,65,1867,21,3,8,0,0,Premium High-Value,4.050303033005904,-0.8059497501125839
5057,54,Master,Married,61794.0,74,611,18,0,6,1,2,Established Value,0.4170566826942063,-0.6392680168954825
254,60,Graduation,Together,53863.0,4,473,15,1,14,1,3,Digital-Engaged,0.4660372292140409,1.2317398076390274
4179,56,Graduation,Together,24221.0,94,55,5,0,5,0,1,Low-Engagement,-1.461035367403145,-1.8226613387812167
3710,31,PhD,Single,39684.0,41,81,5,0,9,1,1,Low-Engagement,-1.4566991110218823,-0.2916423891582658
7627,40,Master,Married,92163.0,25,2086,21,2,7,0,0,Premium High-Value,4.059824313211732,-0.9843742105538522
4501,50,Master,Single,69882.0,94,1478,19,0,4,0,2,Established Value,1.8747979665457428,-1.6762717444373914
6424,38,Graduation,Together,33178.0,9,49,4,0,5,1,1,Low-Engagement,-1.7740296445038242,-1.249380026861611
3075,43,PhD,Married,59973.0,47,382,14,0,4,0,2,Established Value,0.29914516353374787,-1.7936536280199509
4992,40,Master,Together,17459.0,12,69,6,0,10,1,1,Low-Engagement,-1.9214082972004272,0.08697654500353506
5252,46,Graduation,Divorced,23910.0,80,67,5,0,9,1,1,Low-Engagement,-1.843803327218167,-0.28276742446824626
7444,46,Master,Married,42169.0,20,30,4,0,9,2,1,Low-Engagement,-1.9576984858677302,0.2357793698048568
6919,37,2n Cycle,Married,26224.0,39,63,6,0,8,1,1,Low-Engagement,-1.7417584518359477,-0.454581658253281
3537,34,Graduation,Together,31089.0,57,79,7,0,11,1,1,Low-Engagement,-1.4946075955630749,0.2790244397816128
10277,54,Graduation,Single,30081.0,27,42,4,0,8,1,1,Low-Engagement,-1.8087446795940727,-0.5281844091369992
2453,55,Graduation,Together,62807.0,83,819,20,0,10,1,3,Digital-Engaged,0.8269057458501992,0.39777346591972423
7972,60,Graduation,Single,72906.0,79,1151,16,0,4,0,2,Established Value,1.4432824326705778,-1.784401093854743
895,67,PhD,Married,61467.0,69,594,17,0,10,2,3,Digital-Engaged,-0.06068646444161297,0.8543152292896609
1177,49,Master,Together,49618.0,77,129,7,0,10,2,1,Low-Engagement,-1.4588376797870675,0.5093753556093091
7141,29,Master,Single,21888.0,15,213,8,0,15,1,1,Low-Engagement,-1.472930552342396,1.3622233089729523
7232,42,Graduation,Widow,42429.0,99,67,5,0,6,1,1,Low-Engagement,-1.4397445148528636,-1.0896773700047595
8477,59,Graduation,Divorced,26150.0,61,28,4,0,8,3,1,Low-Engagement,-2.796977553700882,0.5511954187777898
2457,40,Basic,Married,30801.0,23,45,4,0,8,1,1,Low-Engagement,-1.7892368498814553,-0.5262942222143057
988,50,Graduation,Married,81168.0,84,1193,17,1,9,0,2,Established Value,2.2876682625106763,-0.6210142876313713
7930,46,Master,Single,26877.0,74,268,10,0,9,0,1,Low-Engagement,-0.8016760355119228,-0.6504809473741554
4587,71,Master,Widow,45006.0,90,266,11,0,6,0,1,Low-Engagement,-0.3394540930107893,-1.4162936336246565
6682,42,Basic,Married,18978.0,41,37,4,0,9,1,1,Low-Engagement,-2.06395417200907,-0.26477411116823324
6222,48,Graduation,Married,22574.0,28,37,5,0,9,3,1,Low-Engagement,-2.794754417448541,0.8763191482530824
10299,46,PhD,Single,48240.0,73,882,22,0,11,0,3,Digital-Engaged,1.1284570652562385,0.21983267518176167
3083,41,Graduation,Married,45837.0,88,373,13,0,13,2,3,Digital-Engaged,-0.8675173822534026,1.4636393739973577
8953,50,Master,Single,35791.0,94,35,4,0,9,3,1,Low-Engagement,-2.5400433534301494,0.7310027604210153
1503,39,PhD,Together,162397.0,31,107,1,0,1,2,1,Low-Engagement,-0.9553192520303261,-1.9941317231486888
8650,37,Graduation,Widow,54162.0,31,42,4,0,5,2,1,Low-Engagement,-1.7154667987408099,-0.7859475342022917
10862,55,Master,Married,30522.0,6,326,12,0,3,1,1,Low-Engagement,-1.0613856921515288,-1.4270349107129718
2782,54,PhD,Married,54456.0,23,404,14,0,12,1,3,Digital-Engaged,-0.14273911038344891,0.7461441539000278
6941,44,Graduation,Single,31632.0,92,95,5,0,9,0,1,Low-Engagement,-1.1887428714590884,-0.8697236204059771
10972,66,Graduation,Widow,72298.0,52,939,13,2,5,0,0,Premium High-Value,1.969888408003755,-1.7443487056322102
10708,37,2n Cycle,Single,36975.0,50,33,4,0,8,1,1,Low-Engagement,-1.6480930427406149,-0.5731694807423574
6583,60,2n Cycle,Married,72635.0,54,981,20,1,9,0,2,Established Value,2.0976775769520115,-0.45567031767394006
3641,39,Graduation,Married,13624.0,93,36,5,0,8,1,1,Low-Engagement,-2.1320014347336964,-0.5078667053992703
10156,40,Graduation,Single,84196.0,56,1237,19,0,11,1,3,Digital-Engaged,1.65775133273462,0.5701388014005417
4299,55,Graduation,Together,70971.0,28,1825,27,0,18,1,3,Digital-Engaged,2.5233083476052314,2.644418235652211
3469,38,PhD,Divorced,34487.0,94,103,6,0,12,2,1,Low-Engagement,-1.884509930677836,0.9884920261553379
5063,38,Graduation,Single,28769.0,76,191,9,0,13,1,1,Low-Engagement,-1.278966445037588,0.8284128652157706
10727,45,PhD,Married,69084.0,43,1586,23,0,15,1,3,Digital-Engaged,1.942819884166794,1.7548834393404085
9624,57,PhD,Together,65488.0,46,963,13,0,4,0,2,Established Value,0.8829707126701326,-1.8402421097296462
5156,45,2n Cycle,Married,62466.0,13,889,21,0,10,1,3,Digital-Engaged,0.9424035592158974,0.5080034340915005
4376,55,2n Cycle,Single,32218.0,27,93,6,1,9,0,1,Low-Engagement,-0.6502479047538312,-0.8282423040595133
8923,42,Graduation,Single,83917.0,12,1587,20,0,9,0,2,Established Value,2.442580559285621,-0.38112514611806303
8461,53,Graduation,Divorced,46102.0,3,16,3,0,8,3,1,Low-Engagement,-2.404785499760777,0.5116676910738949
6945,63,Graduation,Single,84574.0,72,1375,31,0,14,0,3,Digital-Engaged,3.1156706280187705,1.1752462991776569
944,53,Graduation,Married,56181.0,6,393,13,0,8,1,1,Low-Engagement,-0.24135842451559145,-0.25221743604377805
1907,65,Master,Divorced,63120.0,53,1477,21,0,15,1,3,Digital-Engaged,1.5634374268635425,1.6882754103614193
701,44,Graduation,Married,73691.0,58,1179,16,1,8,1,2,Established Value,1.5649833936965665,-0.30055243453239916
3856,55,Graduation,Together,63381.0,78,1005,22,0,6,1,2,Established Value,1.087905286571601,-0.49661417514630185
4149,67,PhD,Together,76140.0,57,1348,20,0,7,0,2,Established Value,2.0176317488321764,-0.8923428811626062
2131,56,PhD,Divorced,62859.0,37,1307,19,0,15,1,3,Digital-Engaged,1.2632771797736237,1.6299053052425738
2942,51,Graduation,Single,45906.0,20,486,13,1,10,1,3,Digital-Engaged,0.09046541302695513,0.19307291219601672
1173,68,Master,Together,77632.0,73,2252,12,2,6,0,0,Premium High-Value,3.1101418811670514,-1.5629094481941472
4381,44,PhD,Married,46463.0,56,235,10,0,9,2,1,Low-Engagement,-1.2477700608281437,0.40895156675021227
4611,45,Graduation,Together,105471.0,36,1724,30,2,12,0,0,Premium High-Value,4.492310471273824,0.5416862184252454
3376,45,Master,Divorced,55282.0,9,235,10,0,7,1,1,Low-Engagement,-0.628035527332848,-0.6081052486366479
4679,38,Master,Married,78710.0,42,1092,25,0,11,1,3,Digital-Engaged,1.8122893851552706,0.8209368680894138
10928,57,Graduation,Together,66886.0,28,599,15,0,12,1,3,Digital-Engaged,0.4014704400930991,0.7414651085427384
4248,55,Master,Single,98777.0,23,2008,19,1,5,0,2,Established Value,3.4116516690145193,-1.4907275055545786
6728,30,Graduation,Together,29103.0,38,48,4,0,10,1,1,Low-Engagement,-1.7963085479883807,-0.04961750582162584
6661,41,Graduation,Married,67445.0,63,1174,27,0,15,1,3,Digital-Engaged,1.815308015633187,1.882399972608979
4725,65,PhD,Together,50616.0,71,67,6,0,3,1,1,Low-Engagement,-1.2204067793519469,-1.7796619258003534
3277,60,Graduation,Divorced,49431.0,9,365,13,0,15,1,3,Digital-Engaged,-0.32625850386271704,1.4688418875222817
5555,40,Graduation,Divorced,153924.0,81,6,0,0,0,0,2,Established Value,-0.23226675317456458,-3.4285833713648235
2564,62,Graduation,Together,61278.0,87,165,8,0,9,1,1,Low-Engagement,-0.6470114477168736,-0.29417220906223107
946,57,2n Cycle,Together,26490.0,92,210,9,0,9,0,1,Low-Engagement,-0.9304513729927286,-0.7051589188068554
3867,68,PhD,Together,73059.0,36,1095,25,0,13,1,3,Digital-Engaged,1.7074924131214877,1.3313384748435007
6940,49,PhD,Single,46734.0,86,223,8,1,9,3,1,Low-Engagement,-1.3657332510699731,0.7946982996171832
55,52,Graduation,Together,56253.0,83,597,18,0,13,1,3,Digital-Engaged,0.37454646996453567,1.072061449946627
7093,30,Graduation,Married,19986.0,74,22,3,0,7,1,1,Low-Engagement,-2.147931638671983,-0.8253601635980206
5084,40,Graduation,Widow,58330.0,87,1064,23,0,10,1,3,Digital-Engaged,1.1485566019454676,0.520760319606594
1777,35,Basic,Married,25965.0,29,74,5,0,10,0,1,Low-Engagement,-1.337200594316745,-0.544615459576995
8162,59,Master,Together,14661.0,88,26,4,0,7,0,1,Low-Engagement,-1.7582736423087029,-1.337332905710066
10826,56,Graduation,Married,18690.0,77,60,4,0,9,0,1,Low-Engagement,-1.6030463611954915,-0.8514904942850661
8754,41,PhD,Together,45068.0,25,20,3,0,8,1,1,Low-Engagement,-1.5379251138909875,-0.6096831193706663
1987,28,Basic,Single,21063.0,34,59,5,0,8,1,1,Low-Engagement,-1.939835693525884,-0.47035655015592204
11007,47,PhD,Married,29187.0,43,34,4,0,9,1,1,Low-Engagement,-1.8208151832837198,-0.2985003693172388
7426,44,2n Cycle,Married,54690.0,76,198,9,0,6,2,1,Low-Engagement,-1.1940542052251388,-0.4043205524157492
9153,51,PhD,Married,59304.0,81,1048,25,0,12,1,3,Digital-Engaged,1.3255156914245156,1.0841025435446845
10379,53,Master,Single,59247.0,87,574,16,0,11,2,3,Digital-Engaged,-0.18487836147433162,1.0490916479561248
9204,45,Graduation,Widow,66731.0,33,1029,13,0,7,1,2,Established Value,0.5715329005859137,-0.548957880419649
3197,35,Graduation,Married,77353.0,38,670,18,0,10,1,3,Digital-Engaged,0.8981206417939099,0.32337850712957017
2920,40,PhD,Single,52614.0,63,990,14,0,10,1,3,Digital-Engaged,0.3142562067176998,0.23062624232461862
6961,41,Graduation,Married,26751.0,26,11,3,0,9,2,1,Low-Engagement,-2.4127855312780384,0.24041414555336033
4673,52,PhD,Married,81300.0,17,1241,18,1,15,1,3,Digital-Engaged,2.040102977652651,1.4956440609129211
9937,36,Graduation,Single,70337.0,75,576,16,0,3,0,2,Established Value,0.8507608817869807,-2.0219689701805112
8779,30,2n Cycle,Married,36145.0,13,172,8,1,13,1,1,Low-Engagement,-0.7315601993625616,0.7729289504727154
9596,35,PhD,Single,65295.0,19,664,19,0,5,0,2,Established Value,1.0397042950861979,-1.3508812648988837
2891,52,Graduation,Divorced,68118.0,51,928,21,0,14,1,3,Digital-Engaged,1.1765066382481708,1.4254876095358535
4910,48,Graduation,Divorced,68743.0,81,2074,29,0,18,0,3,Digital-Engaged,3.281773762427067,2.122482876188188
75,33,2n Cycle,Together,41039.0,32,467,14,0,16,0,3,Digital-Engaged,0.09323250798262887,1.2016011014359205
10120,60,Graduation,Together,38946.0,84,257,10,0,8,1,1,Low-Engagement,-0.9772576179742145,-0.3905440247575427
6327,48,Graduation,Together,65777.0,87,1146,16,0,3,0,2,Established Value,1.2537137105523752,-2.0138921652179116
10142,39,PhD,Divorced,66476.0,99,689,18,0,9,1,3,Digital-Engaged,0.6465668607751196,0.05158119289442762
9826,43,PhD,Single,86857.0,96,2114,21,0,7,0,2,Established Value,3.0369367354849794,-0.9202528145354382
1501,33,PhD,Married,160803.0,21,1717,29,0,0,0,2,Established Value,3.3099592138799094,-2.2802356449983194
10767,26,PhD,Together,77845.0,40,1346,20,2,4,0,0,Premium High-Value,2.9401877745061253,-1.7303008048040402
7279,46,PhD,Together,69476.0,3,1044,14,0,6,0,2,Established Value,1.1450566355382297,-1.2842012181959495
7230,55,PhD,Divorced,50611.0,98,493,16,1,10,1,3,Digital-Engaged,0.42885474226935305,0.20934513187239648
143,45,Graduation,Single,61209.0,73,957,12,0,7,0,2,Established Value,0.7521342758380396,-1.1614156624624643
450,57,Master,Together,42315.0,90,270,9,0,4,1,1,Low-Engagement,-1.0119222039860953,-1.4172557516772712
9316,63,Basic,Together,13084.0,29,29,4,0,7,0,1,Low-Engagement,-1.8009230477740898,-1.272090225220473
6379,66,Master,Widow,47570.0,3,121,6,0,9,2,1,Low-Engagement,-1.6088787588639164,0.3110934188164591
9239,54,Master,Married,61923.0,94,126,7,0,5,2,1,Low-Engagement,-1.2363993013230363,-0.762974517625638
8315,20,Graduation,Single,34824.0,65,23,3,0,7,0,1,Low-Engagement,-1.3485427144106268,-1.4132004539050822
2868,66,PhD,Single,26518.0,33,57,5,0,10,2,1,Low-Engagement,-2.224025881622809,0.5515026741307978
10888,54,Graduation,Single,45938.0,46,636,18,0,14,0,3,Digital-Engaged,0.614040546552725,0.8345965830730485
1277,55,Graduation,Together,78468.0,29,1004,27,1,14,0,3,Digital-Engaged,2.816482732296562,1.0267470090678332
9977,42,Graduation,Divorced,78901.0,99,734,17,0,13,1,3,Digital-Engaged,0.974491551349028,0.9501419194869082
10196,37,Graduation,Married,71427.0,26,614,18,0,12,2,3,Digital-Engaged,0.2903555980744503,1.3911779137539928
6384,37,Graduation,Divorced,71022.0,30,1453,18,1,13,1,3,Digital-Engaged,1.9554029402039923,1.0298090353467597
8029,27,Master,Single,90247.0,27,1621,14,3,4,0,0,Premium High-Value,3.5298366195256765,-2.0334969605583177
968,47,Master,Divorced,41335.0,24,187,9,0,11,1,1,Low-Engagement,-1.0160046774074436,0.3558620304631694
6988,29,Graduation,Married,71952.0,93,1443,20,2,12,1,0,Premium High-Value,2.5661776244306624,0.7327553695258633
4472,45,PhD,Divorced,35682.0,34,57,5,0,3,1,1,Low-Engagement,-1.662970732981213,-1.7324884586420461
6991,64,Graduation,Divorced,43185.0,88,637,18,0,17,1,3,Digital-Engaged,0.1550937798761993,2.0813291123208715
3336,67,PhD,Together,66375.0,96,948,11,1,9,1,3,Digital-Engaged,0.8526479317620297,-0.2600956193863342
4301,44,Master,Married,35178.0,10,59,4,1,8,1,1,Low-Engagement,-1.2083897472797527,-0.5863982951534145
1940,29,Graduation,Married,25252.0,26,18,3,0,9,1,1,Low-Engagement,-2.0016677640284004,-0.30593797565894687
1272,50,Master,Single,55250.0,49,903,22,0,12,1,3,Digital-Engaged,0.8848102456628418,1.017278847763157
1388,40,Graduation,Single,33249.0,11,112,6,0,8,1,1,Low-Engagement,-1.532345808356386,-0.44719901424735903
1044,62,Graduation,Together,58398.0,44,596,17,0,9,0,2,Established Value,0.7349291638017112,-0.4560542261833353
6969,33,Graduation,Together,50272.0,75,233,10,0,11,1,1,Low-Engagement,-0.683659505517691,0.313358446582028
10479,40,PhD,Married,76618.0,64,1511,10,0,4,0,2,Established Value,1.435228683165772,-1.9977081847691183
3619,55,2n Cycle,Divorced,87305.0,19,1152,16,1,7,0,2,Established Value,2.291454734571132,-1.0975894377828685
1715,37,Graduation,Together,25851.0,45,48,5,0,9,1,1,Low-Engagement,-1.8185430282016797,-0.25320792417870197
10159,45,Graduation,Divorced,58710.0,77,1185,25,0,17,1,3,Digital-Engaged,1.5065799995637075,2.308315875398977
1463,57,Graduation,Single,45160.0,9,21,3,0,8,2,1,Low-Engagement,-1.979516033321149,-0.042545534433465544
5114,50,Master,Married,74806.0,1,965,14,0,9,1,2,Established Value,0.8032861286234202,-0.018412877277895732
4990,61,Graduation,Married,59111.0,90,869,20,0,18,0,3,Digital-Engaged,1.3432102093954037,1.7984295907295171
4329,31,PhD,Married,18988.0,43,16,4,0,8,1,1,Low-Engagement,-2.0968945275623834,-0.5104366427265711
10936,50,Graduation,Married,72190.0,79,1947,15,0,8,0,2,Established Value,2.128546063664071,-0.836921333281646
4692,39,Graduation,Married,7500.0,19,71,7,1,13,1,1,Low-Engagement,-1.578625069524032,0.8174571344168694
7212,49,Graduation,Married,44794.0,99,65,5,0,8,1,1,Low-Engagement,-1.3554467084611566,-0.6103148862306063
6086,60,Graduation,Married,80395.0,62,1380,23,1,8,0,2,Established Value,2.83768868750648,-0.6163892428736202
437,39,Master,Divorced,75012.0,41,1027,22,0,4,0,2,Established Value,1.796265842007357,-1.532372712403177
11171,50,Master,Married,56962.0,60,411,14,0,13,3,3,Digital-Engaged,-0.9423210895136538,2.046088286228923
11101,24,Graduation,Together,89891.0,17,836,25,1,15,0,3,Digital-Engaged,2.8142778919271825,1.1714456860327234
5329,66,PhD,Divorced,35946.0,24,11,3,0,5,2,1,Low-Engagement,-2.250252277346109,-0.7594783281558375
610,62,PhD,Together,53593.0,60,480,15,0,15,2,3,Digital-Engaged,-0.4198797525474014,2.0297893035483443
9384,37,Graduation,Married,66373.0,57,606,16,0,7,2,3,Digital-Engaged,-0.04693370659141694,0.0845888298882002
5956,67,PhD,Divorced,45072.0,74,284,11,0,14,3,1,Low-Engagement,-1.5350071186357077,2.2000808828948326
10430,42,Graduation,Divorced,89694.0,22,1472,11,3,9,2,0,Premium High-Value,2.3607669554815796,0.18007494399638374
7875,66,Graduation,Married,72025.0,46,1677,25,3,6,0,0,Premium High-Value,3.9401683130173217,-1.1038354582262087
7072,42,Graduation,Married,67432.0,69,1335,17,0,12,1,3,Digital-Engaged,1.2191749413380473,0.7795574181868701
6255,63,Master,Together,70545.0,29,334,12,0,6,1,1,Low-Engagement,-0.04476771836763197,-0.8444636316152594
6516,26,Basic,Married,17487.0,37,18,3,0,8,1,1,Low-Engagement,-2.2016753297161293,-0.5364701032019149
5564,46,Graduation,Together,62882.0,26,1338,18,0,11,1,3,Digital-Engaged,1.1621319596512372,0.631143222576799
5682,62,PhD,Single,64108.0,8,1099,26,0,11,1,3,Digital-Engaged,1.5327618622137558,0.9378847801229377
7458,59,Master,Together,34941.0,26,97,6,0,11,2,1,Low-Engagement,-1.9021041530246665,0.8131839349900802
5237,65,PhD,Single,48767.0,79,63,6,0,7,3,1,Low-Engagement,-2.094450710800952,0.29338661340984945
7761,37,2n Cycle,Together,38702.0,71,109,7,0,9,1,1,Low-Engagement,-1.3120183531420508,-0.24527920420900345
5278,51,Graduation,Married,82224.0,83,902,20,1,9,0,2,Established Value,2.2611393275979372,-0.5159070038154097
3560,63,Graduation,Together,83844.0,57,1574,19,1,5,0,2,Established Value,2.771333414755591,-1.4973015040144437
7235,40,2n Cycle,Married,17003.0,37,38,6,0,7,1,1,Low-Engagement,-2.000840081396973,-0.667581284379022
10548,20,Graduation,Single,71163.0,30,960,23,0,4,0,2,Established Value,1.7119308064717904,-1.4730811668841526
2281,45,Graduation,Single,33697.0,34,28,3,1,8,1,1,Low-Engagement,-1.3385165068649365,-0.6435250103310625
4073,61,2n Cycle,Married,63564.0,0,1215,27,1,16,0,3,Digital-Engaged,2.6727381119794673,1.5916145382272886
6974,43,PhD,Together,83443.0,89,1497,21,0,8,0,2,Established Value,2.4152503874916555,-0.6658754759101557
7938,57,PhD,Together,51518.0,92,449,15,0,6,1,1,Low-Engagement,-0.18228862927132336,-0.7381077819680857
7094,40,Graduation,Widow,58330.0,87,1064,23,0,10,1,3,Digital-Engaged,1.1485566019454676,0.520760319606594
3667,46,Graduation,Married,80952.0,20,1757,24,3,16,0,0,Premium High-Value,4.29967403956232,1.2926807747815385
7723,36,Graduation,Together,75507.0,56,1440,20,0,11,0,2,Established Value,2.1431809126380985,0.08507599432365832
3870,37,2n Cycle,Together,63855.0,28,1006,23,0,11,0,2,Established Value,1.6793387285132297,0.2556260643656414
4012,43,PhD,Together,62220.0,55,1226,18,0,13,1,3,Digital-Engaged,1.0786140644035886,1.0890420354309214
5909,51,Graduation,Married,58512.0,25,1171,15,0,11,1,3,Digital-Engaged,0.6979876227816215,0.5333653339700352
10470,36,Master,Married,40662.0,0,92,6,0,6,1,1,Low-Engagement,-1.4025418474636469,-0.9458674853258235
6488,56,PhD,Married,38829.0,86,99,7,0,8,1,1,Low-Engagement,-1.3306486432879256,-0.5044757246354656
10270,34,2n Cycle,Married,35523.0,8,66,6,0,10,1,1,Low-Engagement,-1.4900697839460553,0.035033455005232875
6887,48,Graduation,Single,79146.0,33,564,17,0,14,2,3,Digital-Engaged,0.3915649887002898,1.8094200740817215
6406,27,Master,Married,78285.0,13,1427,20,0,9,0,2,Established Value,2.163750626518411,-0.36643075588581436
7573,37,PhD,Single,31626.0,12,86,5,1,9,1,1,Low-Engagement,-1.1850554364859291,-0.2969366311149496
4508,63,Graduation,Single,75127.0,92,833,18,0,3,0,2,Established Value,1.3380078136380444,-1.9777138466581219
221,60,Graduation,Married,48726.0,90,242,9,0,9,1,1,Low-Engagement,-0.8098110989501311,-0.22064547918434063
5331,38,Graduation,Married,74985.0,8,1869,16,0,5,0,2,Established Value,2.142837001642491,-1.4670770044097683
1911,28,Graduation,Together,67430.0,6,1364,28,0,17,0,3,Digital-Engaged,2.5197810001527126,1.9152977498702077
20,50,2n Cycle,Married,46891.0,91,183,7,0,6,1,1,Low-Engagement,-1.0899646273824146,-1.0203815424534846
8786,59,Master,Married,62058.0,52,450,14,0,12,1,3,Digital-Engaged,0.08501686259336945,0.6934289901113415
10582,36,Graduation,Married,72063.0,3,758,19,0,7,1,2,Established Value,0.8713022227138503,-0.3167108206127048
1915,64,PhD,Married,78939.0,57,1507,19,0,11,0,2,Established Value,2.2162299404566728,0.037301111215653965
8897,50,Graduation,Single,42720.0,9,654,17,0,15,2,3,Digital-Engaged,-0.3923704890664726,2.191219659424293
2371,43,Graduation,Married,33622.0,22,81,6,0,9,2,1,Low-Engagement,-1.9778835734591251,0.3344722526673405
4303,58,PhD,Together,6835.0,76,137,1,0,20,1,1,Low-Engagement,-2.2930061755683697,2.3023272226549936
6825,62,Graduation,Together,41452.0,86,16,3,0,8,2,1,Low-Engagement,-2.06353204268069,-0.1098291054556867
1072,50,PhD,Single,40760.0,64,93,6,0,8,1,1,Low-Engagement,-1.362054392077585,-0.5248775494811061
4964,57,PhD,Together,74250.0,90,1158,17,0,3,0,2,Established Value,1.5383841902283084,-2.0062528324666977
2461,60,Master,Single,51124.0,79,43,4,0,4,2,1,Low-Engagement,-1.796225663873537,-1.068951408122753
10736,44,Graduation,Single,72258.0,28,1525,20,0,8,1,2,Established Value,1.6512399842675654,-0.05431925516156341
3194,41,PhD,Single,71466.0,86,1230,18,0,5,0,2,Established Value,1.6343932757766815,-1.4691894980802285
10839,39,Graduation,Together,36283.0,42,29,4,0,5,2,1,Low-Engagement,-2.1558243232393925,-0.7419089995406583
49,45,Graduation,Single,20587.0,39,25,4,0,8,1,1,Low-Engagement,-2.0508618952013693,-0.5112060735997727
4290,43,Graduation,Married,30467.0,8,24,3,0,8,1,1,Low-Engagement,-1.887699790974926,-0.5469944948063914
10219,43,Graduation,Together,31590.0,40,38,4,0,9,1,1,Low-Engagement,-1.7598004381859662,-0.3028391290800623
4211,29,Basic,Married,20425.0,5,57,5,0,9,1,1,Low-Engagement,-1.9460154027919607,-0.19539310697777598
1135,55,Master,Together,17144.0,96,47,7,0,10,2,1,Low-Engagement,-2.311149457081223,0.5897288968077329
6299,47,PhD,Divorced,42564.0,28,813,18,1,13,1,3,Digital-Engaged,0.6966836348807005,1.1131044707685713
10846,37,Master,Married,43783.0,22,629,16,1,14,1,3,Digital-Engaged,0.43542618758483914,1.2831277941427013
347,39,Graduation,Divorced,40780.0,30,377,13,0,16,1,3,Digital-Engaged,-0.5063619775133461,1.7176792069620033
6543,70,Master,Together,62847.0,45,1612,13,0,5,0,2,Established Value,1.4158960931946905,-1.5806047186179664
10446,58,PhD,Married,82017.0,58,729,16,3,7,0,0,Premium High-Value,2.719098840911128,-1.2456345009736018
3479,65,Graduation,Single,16813.0,49,50,5,1,9,0,1,Low-Engagement,-1.126329223878605,-0.8402893338001476
11075,37,Graduation,Married,51267.0,37,270,11,0,7,2,1,Low-Engagement,-1.0626948978269601,-0.03600767619402357
4442,54,Graduation,Single,46524.0,70,177,7,0,4,1,1,Low-Engagement,-1.1360098688937865,-1.4845549021474294
199,53,Master,Single,45183.0,33,315,12,1,11,0,3,Digital-Engaged,0.30894237430284127,-0.16437802686206884
6722,61,PhD,Married,70421.0,98,767,20,0,16,1,3,Digital-Engaged,1.0529165882646148,1.8184149963093754
796,50,2n Cycle,Divorced,60161.0,17,1071,23,0,19,1,3,Digital-Engaged,1.3214979242934841,2.7769496901311683
3749,42,Graduation,Together,73926.0,54,1580,23,0,9,0,2,Established Value,2.4103841987802928,-0.2826404116974327
8523,47,Graduation,Married,19329.0,39,60,7,0,12,1,1,Low-Engagement,-1.7821916740119361,0.5770355535571293
310,45,Master,Married,61872.0,81,573,17,0,8,1,3,Digital-Engaged,0.34522210375533285,-0.19720736964162386
8629,59,Graduation,Widow,46984.0,71,41,4,0,6,2,1,Low-Engagement,-1.8694101042236013,-0.5612437143530649
236,64,Graduation,Married,34838.0,62,170,7,0,8,2,1,Low-Engagement,-1.8086891184799907,0.08426118148718308
9930,71,PhD,Single,82716.0,8,1167,27,0,8,0,2,Established Value,2.5099620759351766,-0.3633456617635489
3483,57,Graduation,Married,48192.0,76,1526,22,3,10,0,0,Premium High-Value,3.084480653941376,-0.19936426871934856
4599,39,Master,Married,49681.0,66,458,15,0,14,2,3,Digital-Engaged,-0.5475587961433183,1.7921848516537149
7326,44,Master,Married,56850.0,83,63,5,0,3,1,1,Low-Engagement,-1.1422429563081926,-1.848142988955335
7352,58,Graduation,Married,55267.0,28,405,13,0,6,1,1,Low-Engagement,-0.2790238989324556,-0.7584618519407207
2350,43,Graduation,Married,59666.0,87,1027,13,1,11,2,3,Digital-Engaged,0.4869124276298604,0.8822202258421001
9145,43,Graduation,Single,72504.0,43,1478,20,0,7,1,2,Established Value,1.6022931215121483,-0.31428773394838755
2964,34,Graduation,Married,26872.0,0,72,4,0,7,0,1,Low-Engagement,-1.4343318893016697,-1.2847164395874853
5585,43,Graduation,Single,21359.0,1,48,5,0,10,1,1,Low-Engagement,-1.9175200666490928,0.04906093152142324
9687,40,Graduation,Single,73170.0,1,726,15,0,7,0,2,Established Value,1.0328190162599222,-1.0168713676678909
3732,60,Master,Married,52750.0,72,860,21,0,9,1,3,Digital-Engaged,0.6754835120984917,0.23412883042789384
6303,29,PhD,Together,91820.0,72,1497,22,0,6,0,2,Established Value,2.655139654550772,-1.1243373782867745
11176,45,PhD,Together,65968.0,12,495,16,0,8,1,3,Digital-Engaged,0.2954320796999616,-0.1770527416480517
2986,39,Graduation,Married,30772.0,89,20,3,0,7,2,1,Low-Engagement,-2.3310772320355198,-0.3231017644174096
7462,61,Graduation,Single,22507.0,67,570,16,0,19,0,3,Digital-Engaged,-0.07256909482086156,2.0281498139989025
3900,43,Graduation,Married,65685.0,54,769,20,0,14,1,3,Digital-Engaged,0.9060620209854112,1.3913880940672245
7034,37,2n Cycle,Married,25804.0,34,55,5,0,10,1,1,Low-Engagement,-1.8001765141574844,0.001618339316093879
9493,35,PhD,Single,76412.0,15,1808,17,2,8,0,0,Premium High-Value,3.1661282752373814,-0.8323624589077275
1143,43,Graduation,Married,22063.0,43,55,5,0,9,1,1,Low-Engagement,-1.9036374991366534,-0.23934375518823903
1,54,Graduation,Single,57091.0,0,577,17,1,12,0,3,Digital-Engaged,1.1893659923432627,0.2628712591146709
3855,52,Graduation,Married,22419.0,74,162,7,0,11,0,1,Low-Engagement,-1.1839099540916622,-0.26162795930576677
5536,56,Graduation,Together,87771.0,61,1957,19,4,11,1,0,Premium High-Value,4.2485650439092515,0.32187272786247545
5989,56,2n Cycle,Divorced,78353.0,51,1576,23,0,18,1,3,Digital-Engaged,2.2016245636236382,2.4479346212569335
9499,61,Graduation,Married,93404.0,97,1616,14,2,8,3,0,Premium High-Value,1.8757688821754848,0.571665523241935
6768,53,Graduation,Divorced,37859.0,75,36,4,0,9,3,1,Low-Engagement,-2.491785326789331,0.744028131881366
2150,57,PhD,Widow,80995.0,83,1482,21,0,12,1,3,Digital-Engaged,1.9578689909410434,0.8721700686101219
6646,31,Graduation,Together,16529.0,23,22,4,0,7,1,1,Low-Engagement,-2.167776147726289,-0.7256583051291747
4887,39,PhD,Divorced,55412.0,65,63,5,0,7,2,1,Low-Engagement,-1.5633837920432978,-0.30079642390261435
8560,23,Graduation,Single,48789.0,94,680,17,0,12,0,3,Digital-Engaged,0.6291863898643383,0.25360387855872035
3321,48,PhD,Together,56575.0,42,542,17,0,12,2,3,Digital-Engaged,-0.19918155644813512,1.3832349887263864
11003,35,2n Cycle,Together,25130.0,10,50,5,0,9,1,1,Low-Engagement,-1.8384859219737621,-0.21516723399167698
10402,48,Graduation,Married,35441.0,94,39,4,0,9,2,1,Low-Engagement,-2.102183047305698,0.18107774547057676
9904,59,Graduation,Married,71391.0,50,1043,23,0,9,1,2,Established Value,1.4246642513756584,0.27451185702286235
6141,43,Master,Single,49494.0,46,385,12,0,13,1,3,Digital-Engaged,-0.4010803316082575,0.9074771089940956
5687,35,Graduation,Divorced,81702.0,98,1633,26,0,10,0,2,Established Value,2.87422972987121,0.0027318625491248544
10856,35,2n Cycle,Single,45889.0,42,46,4,0,7,1,1,Low-Engagement,-1.4376132001639998,-0.8358408971984252
5121,38,Graduation,Single,56628.0,30,761,18,1,12,1,3,Digital-Engaged,0.9740144642967477,0.8235356205075395
4186,65,Graduation,Together,34026.0,11,76,6,0,7,2,1,Low-Engagement,-2.0032305804067687,-0.1423043072288508
368,41,Graduation,Married,40049.0,61,290,11,0,8,1,1,Low-Engagement,-0.8543047029951766,-0.3332460827170513
3312,27,Graduation,Single,34176.0,12,89,7,0,9,1,1,Low-Engagement,-1.4462310130803768,-0.17114490896694565
11121,34,Graduation,Married,19419.0,76,70,7,0,13,1,1,Low-Engagement,-1.7518152015081825,0.7823949402156744
5332,55,2n Cycle,Married,82504.0,2,1066,16,0,4,0,2,Established Value,1.588276805589966,-1.7363574251705423
5848,45,Graduation,Together,81205.0,43,2009,18,3,7,0,0,Premium High-Value,3.9849311298263643,-1.1401523932109956
10343,24,2n Cycle,Single,61618.0,27,1345,17,0,6,0,2,Established Value,1.4381044545430557,-1.1705708019576813
5935,59,Master,Single,55284.0,60,764,20,0,12,1,3,Digital-Engaged,0.6229335910679319,0.9307273056676901
2895,52,Graduation,Single,49980.0,79,195,9,0,8,1,1,Low-Engagement,-0.8377735705637226,-0.4571566387934789
10262,35,Graduation,Married,15072.0,96,53,7,0,8,2,1,Low-Engagement,-2.384812196342338,0.10950166014376915
7848,41,Graduation,Single,49166.0,17,368,11,0,11,1,1,Low-Engagement,-0.5267701116374324,0.4143993278006315
9477,61,PhD,Married,65324.0,0,544,17,0,10,1,3,Digital-Engaged,0.4212901109901422,0.3613050028813779
4856,58,2n Cycle,Married,82347.0,38,1853,24,2,10,0,0,Premium High-Value,3.869337832321797,-0.12917050104267783
7186,49,PhD,Together,30843.0,43,35,4,1,6,2,1,Low-Engagement,-1.801942096244794,-0.542622166613657
5794,41,PhD,Married,46374.0,1,446,15,2,15,1,3,Digital-Engaged,0.7405364129001248,1.4411088150484963
1456,36,Graduation,Single,60474.0,25,1180,24,0,17,1,3,Digital-Engaged,1.4682886533897894,2.3191144361119824
4877,42,Master,Married,38576.0,2,41,4,0,8,1,1,Low-Engagement,-1.608431230367549,-0.5289707309354165
425,30,Graduation,Married,55357.0,66,727,19,0,11,2,3,Digital-Engaged,0.06525575962875974,1.1948163917985721
3007,49,Graduation,Together,37758.0,49,40,4,0,9,2,1,Low-Engagement,-2.0511984253864313,0.2199134025296262
1031,26,2n Cycle,Married,85710.0,5,1062,25,1,8,0,2,Established Value,2.8126556519842962,-0.5043681964479676
4297,46,Graduation,Together,23228.0,71,40,5,0,10,1,1,Low-Engagement,-1.870949697985676,-0.028387758970891953
807,46,Master,Together,44602.0,35,292,11,0,14,2,3,Digital-Engaged,-1.101341162669245,1.6904447622802032
9553,28,Graduation,Married,7500.0,94,15,3,0,6,0,1,Low-Engagement,-2.0224339911738363,-1.6017846035167542
4271,26,2n Cycle,Together,38683.0,80,341,11,0,11,1,1,Low-Engagement,-0.7952443914215331,0.38219269582291193
4120,40,2n Cycle,Single,49514.0,61,369,11,0,13,1,3,Digital-Engaged,-0.48277897904253386,0.8550620936052306
2036,42,PhD,Together,57906.0,29,401,14,0,8,1,1,Low-Engagement,-0.12008837999892395,-0.24415013735553992
115,49,Master,Single,43456.0,0,393,14,0,10,1,1,Low-Engagement,-0.44929655402513974,0.31692434395789254
4259,29,Master,Single,19485.0,80,10,3,0,8,2,1,Low-Engagement,-2.5953929260050947,-0.035627807108729044
8687,37,Graduation,Together,53172.0,54,486,13,0,5,1,1,Low-Engagement,-0.26812128445861116,-1.0210250163432861
2447,36,Graduation,Together,30545.0,71,69,5,0,9,1,1,Low-Engagement,-1.6835340316297198,-0.2941131854027184
10140,32,PhD,Together,70123.0,27,1727,16,2,8,0,0,Premium High-Value,2.874002043528888,-0.8628599016160359
9353,56,Graduation,Single,62450.0,61,995,14,1,8,1,2,Established Value,0.9905288321293264,-0.3444615426523091
3623,39,Graduation,Together,21675.0,55,45,7,0,11,1,1,Low-Engagement,-1.751801931596725,0.3098830804126745
738,34,2n Cycle,Single,42395.0,35,182,8,0,10,2,1,Low-Engagement,-1.5206171753532889,0.6121279492688667
7631,37,Master,Together,61346.0,34,989,22,0,8,1,2,Established Value,1.04828433737052,0.04122146309169548
4789,62,Graduation,Together,80812.0,95,1677,17,3,6,0,0,Premium High-Value,3.599973218645548,-1.4759158342413772
773,44,Master,Divorced,42835.0,64,595,16,0,12,2,3,Digital-Engaged,-0.549124809101083,1.3670720593029988
10602,32,Graduation,Married,39922.0,30,156,7,0,11,1,1,Low-Engagement,-1.2164693589764632,0.2800847422322031
1446,59,Master,Single,86424.0,12,1226,27,0,7,0,2,Established Value,2.6379670170645997,-0.6216456471026145
3270,37,2n Cycle,Together,17117.0,96,128,7,0,12,1,1,Low-Engagement,-1.767269874619162,0.526357306161125
8443,43,Graduation,Single,24762.0,16,86,6,1,11,1,1,Low-Engagement,-1.2507517734560532,0.24381161006464055
9653,40,Graduation,Married,35797.0,16,68,5,0,10,1,1,Low-Engagement,-1.5503957794693255,-0.010816157088899566
8916,40,Graduation,Divorced,36627.0,78,16,3,0,5,2,1,Low-Engagement,-2.2244033355677386,-0.8167660081494956
8017,34,2n Cycle,Married,51111.0,83,55,5,0,8,2,1,Low-Engagement,-1.657158900094069,-0.0625951711159093
5830,43,PhD,Single,86857.0,96,2114,21,0,7,0,2,Established Value,3.0369367354849794,-0.9202528145354382
4597,45,PhD,Together,82072.0,67,2018,18,0,4,0,2,Established Value,2.579161913510679,-1.7174177235929655
7023,62,PhD,Single,46231.0,87,263,11,0,15,3,3,Digital-Engaged,-1.5097266137886272,2.4263260093890473
8086,56,Graduation,Married,42243.0,34,55,5,0,9,2,1,Low-Engagement,-1.8620284341794575,0.25835163049271886
8825,53,Graduation,Together,51195.0,46,564,16,0,17,2,3,Digital-Engaged,-0.30507965841728374,2.5760106483272547
2930,37,Master,Single,68092.0,7,1281,18,0,7,0,2,Established Value,1.6182510544423394,-0.8906892583699164
1928,42,Graduation,Married,31814.0,73,83,5,1,11,1,1,Low-Engagement,-1.1463664709959098,0.12679790187843526
7108,50,Master,Widow,51390.0,54,353,12,0,10,2,1,Low-Engagement,-0.8696575545090873,0.7140512729897875
10925,32,Graduation,Married,76630.0,93,1003,24,0,4,0,2,Established Value,1.9596207501791596,-1.5171288377672176
9960,24,Basic,Single,26868.0,52,14,3,0,8,1,1,Low-Engagement,-1.9777191113980186,-0.5809314857738733
8800,72,PhD,Divorced,48948.0,53,902,22,1,13,0,3,Digital-Engaged,1.6547490335397175,0.6650409077046257
9224,43,PhD,Single,55260.0,81,1139,23,0,14,1,3,Digital-Engaged,1.1996115819466846,1.5106608871254656
5519,59,Graduation,Together,64090.0,8,797,19,0,11,1,3,Digital-Engaged,0.7735133659362783,0.6767510027041492
5046,57,Graduation,Divorced,78331.0,97,1638,23,0,14,1,3,Digital-Engaged,2.2040639334791265,1.4282161873682946
7037,41,PhD,Married,37087.0,50,401,14,0,10,1,1,Low-Engagement,-0.5890541869825937,0.285636317224565
905,29,Graduation,Divorced,21846.0,38,84,7,0,12,1,1,Low-Engagement,-1.7002489798422364,0.5705164623891381
8624,57,Graduation,Married,81320.0,61,928,17,0,6,0,2,Established Value,1.5423668244073865,-1.2709525335169645
8945,45,Graduation,Divorced,54137.0,46,203,9,0,10,1,1,Low-Engagement,-0.7055434005931093,0.050498375570196596
6445,48,Graduation,Together,66825.0,73,858,15,0,6,0,2,Established Value,0.9929941911969166,-1.3127336667995226
2727,42,Graduation,Together,57100.0,19,409,12,0,6,0,2,Established Value,0.14050449223713857,-1.342795658357658
6404,46,Graduation,Together,58917.0,10,282,11,0,9,3,1,Low-Engagement,-1.2847930665022795,1.0057815680229845
11074,38,Graduation,Single,85072.0,94,1423,17,0,3,0,2,Established Value,2.036844421191753,-2.041004855128462
10150,54,Graduation,Single,86429.0,10,1449,18,1,9,0,2,Established Value,2.704212904422796,-0.522035306409511
1968,44,Graduation,Widow,45684.0,37,28,3,0,8,1,1,Low-Engagement,-1.5144272738926445,-0.6237743388782352
6534,41,Graduation,Together,47889.0,94,67,5,0,7,1,1,Low-Engagement,-1.2944308517682752,-0.8581338962997443
9485,29,PhD,Married,45921.0,23,199,9,0,6,0,1,Low-Engagement,-0.5253627978699752,-1.4250454211329637
7053,49,PhD,Single,78420.0,75,1453,21,0,4,0,2,Established Value,2.1948063874449972,-1.6099014945430066
4654,23,Graduation,Together,75114.0,40,1253,18,0,5,0,2,Established Value,1.7369978161396402,-1.433218014776356
9760,52,PhD,Widow,52278.0,24,1198,25,0,18,1,3,Digital-Engaged,1.3714641214253624,2.625942045638492
1048,43,Master,Married,35641.0,11,178,8,0,10,1,1,Low-Engagement,-1.246991490829065,0.10650617144352736
10619,21,Graduation,Single,95529.0,29,1990,17,1,10,0,2,Established Value,3.3298369256268847,-0.3539536632140534
9308,61,Graduation,Married,62820.0,51,976,13,0,4,0,2,Established Value,0.8310768468744542,-1.8369414277684715
10505,55,Master,Together,73113.0,86,1001,14,0,5,0,2,Established Value,1.1898017419733382,-1.6241612172304631
8362,33,PhD,Married,84169.0,9,1919,19,2,10,0,0,Premium High-Value,3.6201379910050218,-0.28866469371473075
2625,61,2n Cycle,Single,42607.0,30,350,12,0,6,1,1,Low-Engagement,-0.7023449461360382,-0.758701488314885
4637,61,PhD,Single,74637.0,73,1650,24,1,9,0,2,Established Value,3.0269932098700476,-0.3266432744905853
9972,60,PhD,Together,46015.0,25,46,4,2,8,2,1,Low-Engagement,-0.9355372278361679,-0.14439642372648664
4483,22,Graduation,Single,72354.0,67,1228,18,0,3,0,2,Established Value,1.6223750848175125,-1.939254680033542
4487,46,Master,Single,39858.0,67,95,6,0,8,1,1,Low-Engagement,-1.3815820828444372,-0.5251266619461542
4988,67,PhD,Married,34469.0,58,62,6,0,5,2,1,Low-Engagement,-2.028430778176661,-0.678598579556964
8931,29,Graduation,Together,83033.0,82,1761,25,1,16,1,3,Digital-Engaged,3.05885204546398,1.9307383732625154
5871,36,Master,Together,24401.0,98,467,13,0,14,0,3,Digital-Engaged,-0.3976280265965405,0.6621436355130302
2008,37,Graduation,Married,77583.0,93,1149,18,1,6,0,2,Established Value,2.1890171573326724,-1.3128124394053833
3139,33,2n Cycle,Single,74116.0,53,2052,18,1,6,0,2,Established Value,2.910348071785626,-1.2513321837958156
10037,22,Graduation,Single,74293.0,66,1127,15,0,7,0,2,Established Value,1.4275806302186531,-1.0824401161301314
10673,39,PhD,Married,68397.0,6,1416,20,0,9,1,2,Established Value,1.4724588811001034,0.22231345083343662
5303,41,PhD,Together,79632.0,42,1113,19,0,8,0,2,Established Value,1.8339031251952527,-0.6838772421929817
538,26,Graduation,Single,46107.0,78,125,6,0,4,1,1,Low-Engagement,-1.2613815044139143,-1.528850585909486
7922,64,PhD,Single,64950.0,29,966,23,1,18,1,3,Digital-Engaged,1.7940815651157833,2.445354288441965
5692,26,Basic,Married,25443.0,82,32,4,0,9,1,1,Low-Engagement,-1.907776145818768,-0.3267887391342211
4843,63,Graduation,Single,75127.0,92,833,18,0,3,0,2,Established Value,1.3380078136380444,-1.9777138466581219
6383,44,PhD,Together,32892.0,78,46,6,0,11,1,1,Low-Engagement,-1.547907494754839,0.21476242861729603
1628,44,Graduation,Together,71796.0,54,960,16,0,13,0,3,Digital-Engaged,1.3735723458751896,0.43274111623221745
1204,45,PhD,Married,67536.0,45,1829,27,1,19,1,3,Digital-Engaged,2.9256355893501156,2.821109325273587
3673,44,Graduation,Single,55239.0,59,779,23,0,12,1,3,Digital-Engaged,0.8443203632854613,1.0425811012831572
760,40,PhD,Divorced,60554.0,8,811,21,0,14,1,3,Digital-Engaged,0.8842396433400151,1.4916250499556714
8957,63,2n Cycle,Single,64831.0,51,1120,14,0,12,2,3,Digital-Engaged,0.3097146048720426,1.2442068941534272
4128,53,PhD,Together,56067.0,51,725,18,0,12,1,3,Digital-Engaged,0.46623740451132895,0.8633909686384059
6810,32,Graduation,Divorced,82025.0,76,1187,11,1,4,0,2,Established Value,1.8106089067959172,-2.0534042263428782
5386,62,Graduation,Together,94384.0,62,2302,18,3,7,0,0,Premium High-Value,4.409255218562793,-1.1991594028010688
8700,29,Basic,Single,14906.0,86,66,6,0,9,0,1,Low-Engagement,-1.5481316238355027,-0.7752102698301735
3202,28,PhD,Married,51563.0,60,1250,18,2,12,0,0,Premium High-Value,2.201771197610683,0.20286033824635688
1328,33,2n Cycle,Married,57937.0,56,683,17,0,7,1,2,Established Value,0.33146792717833523,-0.4016084483928776
8405,36,Graduation,Divorced,68274.0,83,305,11,0,7,2,1,Low-Engagement,-0.6164315078365202,-0.13537966215291397
6515,38,Graduation,Together,39771.0,92,50,5,0,6,1,1,Low-Engagement,-1.5198058774220484,-1.0744657734484047
2882,40,2n Cycle,Divorced,67893.0,31,995,14,0,11,1,3,Digital-Engaged,0.6968616175438344,0.45938902267659887
7574,36,PhD,Together,27922.0,80,41,5,0,6,1,1,Low-Engagement,-1.8144110183088695,-1.0255621641150896
6387,39,PhD,Together,52190.0,39,77,6,1,7,2,1,Low-Engagement,-1.0972481159318273,-0.28720899439302355
5320,42,Master,Divorced,44051.0,20,171,8,0,9,2,1,Low-Engagement,-1.507129135476027,0.37885227960653994
5048,44,PhD,Single,42767.0,53,131,6,0,11,2,1,Low-Engagement,-1.6799716514780014,0.7616884185297224
8146,39,Master,Together,46106.0,84,54,4,0,7,2,1,Low-Engagement,-1.862640844670891,-0.32831334121520767
10031,39,PhD,Married,16927.0,50,53,7,0,11,2,1,Low-Engagement,-2.3021616942562657,0.8808550227076417
5748,50,Graduation,Married,59754.0,96,475,13,0,10,1,3,Digital-Engaged,-0.04138111181344765,0.13229983651773383
2134,63,Graduation,Single,53700.0,94,694,18,0,10,1,3,Digital-Engaged,0.35769598741786085,0.3397123283926993
1523,42,Graduation,Married,59041.0,25,96,6,0,7,2,1,Low-Engagement,-1.3818013539006178,-0.23394862885342183
9665,58,PhD,Divorced,54237.0,48,361,12,0,11,1,3,Digital-Engaged,-0.3374587739336316,0.4037511951251066
4640,48,Graduation,Divorced,70647.0,65,1079,24,0,6,1,2,Established Value,1.4668452683585902,-0.4313565439023023
3635,53,PhD,Single,52597.0,69,578,17,0,11,1,3,Digital-Engaged,0.16889052782450237,0.5739430847367376
3547,46,Master,Together,41021.0,12,64,5,0,8,1,1,Low-Engagement,-1.4580220989465682,-0.5096809937445984
2456,40,PhD,Married,40233.0,84,149,8,0,8,1,1,Low-Engagement,-1.1825750960097219,-0.4693959691737728
5633,35,Graduation,Married,50183.0,47,231,10,0,8,2,1,Low-Engagement,-1.1776022039040126,0.16321921322763755
7801,56,Graduation,Together,54753.0,87,728,18,0,9,1,3,Digital-Engaged,0.3980358482790521,0.10061706421304036
10489,42,Graduation,Married,92955.0,35,1778,22,2,8,0,0,Premium High-Value,3.8882522744254615,-0.7202076852934163
7011,42,Graduation,Married,33471.0,47,93,7,0,10,1,1,Low-Engagement,-1.44060972655033,0.038658473320321005
2620,41,PhD,Married,34596.0,48,23,3,0,9,1,1,Low-Engagement,-1.7696524537341238,-0.35734336444648457
3933,35,Graduation,Together,44010.0,46,662,18,0,19,1,3,Digital-Engaged,0.22128738936843476,2.608700335790525
10981,27,Graduation,Married,84219.0,27,1198,17,0,4,0,2,Established Value,1.820752215754118,-1.7289531555107076
1734,47,PhD,Together,40706.0,37,81,7,0,10,3,1,Low-Engagement,-2.16397245313276,1.1284297845032678
10995,27,2n Cycle,Married,15716.0,8,92,7,0,11,1,1,Low-Engagement,-1.8588983295378307,0.3769209335345397
6357,56,2n Cycle,Divorced,59052.0,29,491,15,0,12,1,3,Digital-Engaged,0.1163013722043994,0.7635523372373716
9209,44,Master,Together,80573.0,85,1564,23,0,6,0,2,Established Value,2.516019579303683,-1.0651891204073036
10286,53,Graduation,Married,83715.0,2,926,23,0,2,0,2,Established Value,1.950665916900347,-1.9704528182491392
2611,56,Master,Together,82576.0,66,1910,18,1,3,0,2,Established Value,2.9443478346037253,-2.022470826165345
1600,50,Master,Married,56962.0,60,411,14,0,13,3,3,Digital-Engaged,-0.9423210895136538,2.046088286228923
3308,63,Graduation,Married,35704.0,54,94,6,0,6,2,1,Low-Engagement,-1.9559288087829223,-0.4346310467011381
5407,61,Graduation,Together,53103.0,70,1085,23,1,17,1,3,Digital-Engaged,1.6063575919387971,2.1981012297047853
2166,55,2n Cycle,Widow,46779.0,55,23,3,0,4,2,1,Low-Engagement,-1.991406285930013,-1.0680048031926483
3955,50,Graduation,Divorced,4861.0,20,6,0,0,14,0,1,Low-Engagement,-2.1258543899798474,0.31018606909244595
6634,36,Master,Divorced,33462.0,78,54,5,0,9,1,1,Low-Engagement,-1.625937866668681,-0.31047628663228544
3056,37,Graduation,Divorced,63693.0,63,1150,26,0,17,1,3,Digital-Engaged,1.6630182624258956,2.343643207802401
5718,65,Graduation,Married,80763.0,17,1415,22,2,8,0,0,Premium High-Value,3.2671996928302236,-0.6679625788538156
6872,41,PhD,Married,65352.0,43,405,14,0,8,1,3,Digital-Engaged,0.06436964416167346,-0.2815033124994591
8164,37,PhD,Married,82170.0,13,1908,18,0,7,0,2,Established Value,2.5199029834072837,-0.9336366171886495
4580,46,Graduation,Married,75759.0,46,2486,25,3,14,0,0,Premium High-Value,4.549427262484553,0.8363437647586246
9305,39,2n Cycle,Single,79689.0,65,1315,26,0,6,0,2,Established Value,2.4781020205207187,-0.9341846936885343
453,59,PhD,Widow,35340.0,1,45,5,0,7,2,1,Low-Engagement,-2.070390579914527,-0.17333441887628187
8545,61,Graduation,Divorced,85683.0,6,1789,16,4,3,0,0,Premium High-Value,4.157528885545561,-2.2256987804558848
9850,43,2n Cycle,Married,24884.0,32,19,3,0,7,1,1,Low-Engagement,-2.038071307854326,-0.7976365829320485
7378,34,Master,Together,42021.0,34,573,17,1,19,1,3,Digital-Engaged,0.487047342126349,2.529344195261831
7646,26,Graduation,Single,64449.0,70,805,20,0,9,1,3,Digital-Engaged,0.8376178243720382,0.1624637327355539
1640,61,Graduation,Divorced,64587.0,49,108,6,0,4,2,1,Low-Engagement,-1.2784206060307826,-1.0056223838134224
5184,20,Graduation,Single,34824.0,65,23,3,0,7,0,1,Low-Engagement,-1.3485427144106268,-1.4132004539050822
8492,37,Graduation,Together,75437.0,25,1493,22,1,14,0,3,Digital-Engaged,2.832999374101371,0.8613455447063062
11188,58,Graduation,Together,26091.0,84,89,6,0,7,2,1,Low-Engagement,-2.1732881797118826,-0.19219816059423278
1212,42,Graduation,Married,52845.0,7,936,22,1,14,1,3,Digital-Engaged,1.3451152224443734,1.494771901170563
9097,59,Graduation,Divorced,46086.0,34,343,12,0,7,1,1,Low-Engagement,-0.6098319623777485,-0.5302945268913172
10473,59,PhD,Widow,78028.0,38,528,19,2,13,1,0,Premium High-Value,1.8298085906183008,0.9666987183759734
7962,28,PhD,Single,95169.0,1,1901,11,2,5,0,0,Premium High-Value,3.2198588074057053,-1.8241217078989396
9984,34,2n Cycle,Married,56337.0,25,724,17,2,16,2,3,Digital-Engaged,0.9438380058477768,2.2568108015619717
5527,28,Graduation,Together,22434.0,25,58,5,0,10,1,1,Low-Engagement,-1.8796814309169325,0.021299847119082626
6374,61,PhD,Married,36930.0,50,297,11,0,13,1,1,Low-Engagement,-0.851433276512653,0.9045356038395348
7453,61,Graduation,Single,36130.0,46,488,15,1,7,1,1,Low-Engagement,-0.044012726269920185,-0.4595693514653938
8952,62,Master,Married,65569.0,96,859,21,0,9,1,3,Digital-Engaged,0.985960790476359,0.1698404932286478
241,63,Graduation,Together,83844.0,57,1574,19,1,5,0,2,Established Value,2.771333414755591,-1.4973015040144437
8975,47,Graduation,Married,19514.0,47,69,6,1,11,2,1,Low-Engagement,-1.8310392365395953,0.7792551331137819
6119,52,PhD,Single,36736.0,52,17,3,0,7,2,1,Low-Engagement,-2.194946677395143,-0.3037948399978155
5236,36,Graduation,Together,77568.0,30,2194,20,3,15,1,0,Premium High-Value,3.814269749815841,1.4572914260257928
5723,39,PhD,Together,49187.0,63,116,7,0,3,1,1,Low-Engagement,-1.142130996910748,-1.7296761600558237
1710,37,Graduation,Single,30168.0,51,279,11,0,15,1,1,Low-Engagement,-1.0009082922598482,1.4109959027327694
1970,47,Master,Together,34053.0,14,103,6,0,11,1,1,Low-Engagement,-1.476898060432527,0.2772172645987755
5313,44,Master,Married,38196.0,20,44,6,0,7,2,1,Low-Engagement,-1.9304868706293805,-0.16478178748538774
10634,64,Master,Married,59412.0,56,406,14,0,7,0,2,Established Value,0.35210296493590204,-1.070780610076761
7010,50,2n Cycle,Married,70924.0,41,1363,19,1,9,0,2,Established Value,2.327725266465452,-0.4697566002860276
8562,46,Graduation,Together,54165.0,72,236,10,0,4,0,1,Low-Engagement,-0.2472104336423887,-1.9501698749884266
3158,42,Graduation,Married,32300.0,1,39,4,0,9,1,1,Low-Engagement,-1.7467192820942963,-0.2651559869417943
4436,39,Graduation,Single,20180.0,27,137,7,0,9,0,1,Low-Engagement,-1.295287326814618,-0.6936227183568588
5287,42,Graduation,Married,34961.0,77,79,7,0,10,1,1,Low-Engagement,-1.4135568061176367,0.003215060543664587
2445,41,PhD,Together,28440.0,87,63,5,0,10,1,1,Low-Engagement,-1.7229417552251314,-0.06065315323138744
6059,62,PhD,Together,64504.0,81,1314,18,0,18,3,3,Digital-Engaged,0.40334877248677287,3.375235008132631
4550,49,Master,Together,33564.0,51,71,5,0,6,1,1,Low-Engagement,-1.6554299663404788,-1.013076677056407
4240,37,Graduation,Married,17345.0,79,58,5,0,10,1,1,Low-Engagement,-1.9953204251791414,-0.01813300749809048
8911,48,PhD,Married,56320.0,11,702,18,0,9,1,3,Digital-Engaged,0.40287673679875885,0.17317784118482762
3706,37,Graduation,Single,28647.0,54,94,6,1,9,1,1,Low-Engagement,-1.1745558421342244,-0.29371198001975257
3628,28,Basic,Single,15038.0,93,80,5,0,11,1,1,Low-Engagement,-2.0147297537966717,0.21830303679110605
10175,57,PhD,Divorced,32173.0,0,22,4,0,5,1,1,Low-Engagement,-1.8235463214928316,-1.2373570216549676
8985,51,2n Cycle,Together,68316.0,54,1211,27,0,16,1,3,Digital-Engaged,1.8829100838672859,2.1326623662170294
5204,44,Graduation,Together,74538.0,21,1461,21,1,11,0,2,Established Value,2.668660246303586,0.10095671231164584
9220,44,Graduation,Single,91700.0,58,1968,19,0,11,0,2,Established Value,2.93671612521165,0.0017402614431139235
9888,46,Graduation,Together,68695.0,3,1091,15,0,6,0,2,Established Value,1.2381306709743278,-1.24442523626925
5263,38,2n Cycle,Married,31056.0,99,55,4,0,9,1,1,Low-Engagement,-1.749996616708512,-0.36131966107859853
1020,42,Graduation,Married,79593.0,70,1366,18,1,7,0,2,Established Value,2.443672846515503,-1.0498067753923126
9503,35,Graduation,Single,28071.0,65,313,11,0,13,0,1,Low-Engagement,-0.6056141709623464,0.3657840628966974
10613,57,PhD,Together,37334.0,44,62,7,0,7,2,1,Low-Engagement,-1.8623544487608896,-0.14960802312007815
67,43,Master,Single,46423.0,6,92,6,0,9,2,1,Low-Engagement,-1.662098667889909,0.3112661389715958
6019,44,PhD,Married,37126.0,9,72,5,1,7,1,1,Low-Engagement,-1.0948843842291338,-0.7977884163930683
5863,62,Graduation,Married,47703.0,95,655,17,0,11,1,3,Digital-Engaged,0.12347659680757436,0.5633714810839237
3717,56,Graduation,Married,61180.0,70,704,16,1,8,1,3,Digital-Engaged,0.8395882701644339,-0.2792102149605746
6730,61,Graduation,Married,38998.0,92,54,5,0,10,2,1,Low-Engagement,-1.9191040805073523,0.4524597395064158
10749,24,Graduation,Single,8028.0,62,178,1,0,19,0,1,Low-Engagement,-1.8187281063250207,1.5212353080904915
4998,53,Graduation,Together,76081.0,85,1033,13,1,6,0,2,Established Value,1.699288438735102,-1.4854547457891276
6287,29,Graduation,Together,34728.0,2,36,4,0,7,1,1,Low-Engagement,-1.720079313431725,-0.7604540486878105
5985,50,Master,Single,33168.0,0,122,7,0,9,1,1,Low-Engagement,-1.4423923812683237,-0.15539183445747712
4754,49,Master,Married,33585.0,91,122,6,0,6,1,1,Low-Engagement,-1.5344566555746664,-1.0166390962380987
4002,55,PhD,Married,77037.0,3,1123,26,0,10,1,3,Digital-Engaged,1.8500633766448134,0.6598191595988682
8870,31,Graduation,Together,35196.0,68,497,12,0,14,1,3,Digital-Engaged,-0.6272239518182177,1.1738875487921678
966,49,Graduation,Married,44529.0,98,691,19,1,11,1,3,Digital-Engaged,0.6838492606517089,0.5842432051151719
4767,50,2n Cycle,Married,70924.0,41,1363,19,1,9,0,2,Established Value,2.327725266465452,-0.4697566002860276
9725,49,PhD,Together,28764.0,16,12,3,1,9,2,1,Low-Engagement,-1.900982357399521,0.1844189970866978
4475,66,PhD,Married,69098.0,82,2440,24,0,12,0,2,Established Value,2.9008928909270617,0.4765642981691428
5740,45,2n Cycle,Divorced,25959.0,1,56,5,0,7,2,1,Low-Engagement,-2.2861870992069258,-0.14413267286837994
5731,32,Master,Married,27100.0,64,37,4,0,8,1,1,Low-Engagement,-1.8802928343238365,-0.5568260401045028
7290,30,Graduation,Single,70596.0,68,968,20,0,5,0,2,Established Value,1.515691380325071,-1.3772577029675293
3846,41,Graduation,Married,42557.0,98,270,11,0,14,1,3,Digital-Engaged,-0.7196624742888456,1.0810804394912221
8104,64,PhD,Married,53312.0,32,278,11,0,12,0,3,Digital-Engaged,-0.04856805113126041,0.07753445943040106
4507,63,Graduation,Single,72228.0,87,1250,21,0,9,0,2,Established Value,1.9383292399525147,-0.388395838104027
11013,28,Graduation,Together,67605.0,84,938,16,0,3,0,2,Established Value,1.1107893698512141,-2.0187577304635087
4491,66,Master,Married,62845.0,3,1178,17,1,11,2,3,Digital-Engaged,0.9671061550900192,1.1072622317374563
3759,57,Graduation,Together,65196.0,34,1155,24,1,12,2,3,Digital-Engaged,1.5095280158142228,1.5692870371842063
1162,28,PhD,Single,42000.0,23,653,18,0,10,0,3,Digital-Engaged,0.473267474478525,-0.10292701273013065
2055,42,PhD,Divorced,35860.0,37,49,4,1,6,2,1,Low-Engagement,-1.6694565881660235,-0.5518884454777067
10766,51,PhD,Married,65526.0,22,506,16,0,6,1,2,Established Value,0.26671781006290546,-0.6725025809354208
4415,54,Graduation,Married,16860.0,19,38,5,0,8,2,1,Low-Engagement,-2.504345750028262,0.10883386791970011
3005,23,Graduation,Single,83528.0,7,1650,22,2,5,0,0,Premium High-Value,3.4993876337381615,-1.3938244614541517
2223,50,2n Cycle,Divorced,64176.0,52,1826,25,0,14,1,3,Digital-Engaged,2.1659317576191075,1.5938391795331643
4817,59,Graduation,Divorced,22304.0,91,18,3,0,9,0,1,Low-Engagement,-1.6217316634811663,-0.9143080544787009
2875,37,Graduation,Married,67023.0,93,906,23,0,5,0,2,Established Value,1.586426541986291,-1.2818877814577694
10536,44,PhD,Together,32892.0,78,46,6,0,11,1,1,Low-Engagement,-1.547907494754839,0.21476242861729603
11112,49,Graduation,Together,70713.0,23,1477,19,0,8,1,2,Established Value,1.5006896074476233,-0.08178336376549676
3807,60,Graduation,Together,59925.0,83,766,20,0,15,1,3,Digital-Engaged,0.7830547850306944,1.6229205219607863
9197,62,Graduation,Married,39722.0,92,47,5,0,7,1,1,Low-Engagement,-1.5090742555013252,-0.8309885601667535
10832,57,Graduation,Together,46610.0,4,467,13,0,12,0,3,Digital-Engaged,0.09561249669841175,0.20268271849988853
6421,54,Graduation,Together,88347.0,32,2116,20,1,5,0,2,Established Value,3.4322597086899633,-1.442954441766635
4207,34,PhD,Married,87171.0,27,1298,24,2,8,0,0,Premium High-Value,3.4571110034315238,-0.6256407009976308
577,39,2n Cycle,Together,26907.0,10,22,4,0,8,2,1,Low-Engagement,-2.3478563479699432,0.04987169726109419
10855,47,Master,Single,50014.0,9,396,13,0,9,1,1,Low-Engagement,-0.37203879040944987,0.007224293982304251
3081,37,PhD,Married,41014.0,65,20,3,0,8,1,1,Low-Engagement,-1.6304241764752523,-0.6380110682755681
3535,50,Graduation,Single,66294.0,68,967,12,0,6,0,2,Established Value,0.8681935808793007,-1.4153167011769705
247,44,Graduation,Married,36715.0,16,357,13,0,16,1,3,Digital-Engaged,-0.6238375500830607,1.7443766952265973
8707,59,Graduation,Married,79456.0,12,1401,15,0,8,0,2,Established Value,1.8053050949635907,-0.7968939459901052
9523,33,Graduation,Together,40479.0,95,15,3,0,4,1,1,Low-Engagement,-1.702414246934507,-1.6405107193796507
6072,45,Master,Single,75345.0,16,2087,19,1,8,0,2,Established Value,3.0655693679271376,-0.6933735930062019
6295,38,Graduation,Married,54233.0,46,981,22,0,19,1,3,Digital-Engaged,1.0321185497747523,2.7278544030795824
10914,45,Graduation,Single,24163.0,3,17,4,0,5,2,1,Low-Engagement,-2.463027207543793,-0.6645933460741595
1509,57,PhD,Together,84460.0,80,523,22,4,14,0,0,Premium High-Value,3.5810259660906114,0.5866396757510285
5577,32,Graduation,Together,43776.0,77,23,3,0,7,1,1,Low-Engagement,-1.5743883478611334,-0.9021675300777602
7348,57,PhD,Single,71691.0,0,1192,16,0,6,0,2,Established Value,1.4701077697797895,-1.2127028749585862
1127,42,PhD,Married,85844.0,62,1958,19,1,8,0,2,Established Value,3.2082181494735758,-0.77435669223211
1833,41,PhD,Single,39190.0,91,133,7,0,7,1,1,Low-Engagement,-1.3054488350734468,-0.7536944393599747
4944,56,Graduation,Together,71367.0,24,777,16,0,6,0,2,Established Value,1.0931817891038198,-1.240756541723925
9080,43,PhD,Single,38578.0,2,73,6,0,11,2,1,Low-Engagement,-1.8391495767229533,0.8261849024111549
6466,50,PhD,Married,57236.0,22,121,7,0,5,2,1,Low-Engagement,-1.3626653883960944,-0.6748866067836188
9964,36,Graduation,Single,61825.0,56,424,14,0,8,1,1,Low-Engagement,-0.001803089637538039,-0.2836534369747602
4790,57,Graduation,Divorced,79803.0,54,868,12,0,5,1,2,Established Value,0.6453266725603096,-1.1362650828927559
10245,29,2n Cycle,Single,80910.0,71,756,14,0,4,0,2,Established Value,1.1411763973897866,-1.8790235302312581
1109,33,Master,Together,27590.0,38,12,3,0,8,1,1,Low-Engagement,-1.9630051488192506,-0.5688671458583352
6001,36,Graduation,Married,56775.0,62,937,23,0,10,1,3,Digital-Engaged,0.9941282540736276,0.5497573356401574
5538,40,Graduation,Divorced,83829.0,78,1862,17,3,5,0,0,Premium High-Value,3.8217088880576693,-1.7092308730248813
10552,36,2n Cycle,Married,54210.0,18,367,12,0,9,1,1,Low-Engagement,-0.3656940354686589,-0.052143942742765195
1545,29,Graduation,Married,38508.0,95,443,14,0,15,1,3,Digital-Engaged,-0.4385588461967928,1.4524708829057489
7409,45,Graduation,Together,53187.0,66,267,11,0,9,1,1,Low-Engagement,-0.5436660524569402,-0.13597955016010757
4444,43,Graduation,Married,30023.0,28,61,5,0,10,1,1,Low-Engagement,-1.6940608145467961,-0.0052612152159572005
146,55,PhD,Single,76045.0,78,1323,20,1,6,0,2,Established Value,2.4455986325664796,-1.2171275337544711
6271,63,PhD,Married,50870.0,13,63,5,0,7,1,1,Low-Engagement,-1.2364754921516588,-0.7846050299790277
10065,45,2n Cycle,Married,15315.0,27,64,6,0,7,0,1,Low-Engagement,-1.576692370983384,-1.202894806190243
4741,41,2n Cycle,Married,65463.0,17,562,17,1,11,1,3,Digital-Engaged,0.9221444259764418,0.5270688843660836
246,50,Graduation,Married,66480.0,71,312,12,0,8,2,1,Low-Engagement,-0.5705001143917974,0.1627276805723336
375,61,Graduation,Divorced,76773.0,79,1156,15,0,3,0,2,Established Value,1.4564719369052066,-2.0765354886352023
1524,32,2n Cycle,Single,81698.0,1,1104,15,1,13,0,3,Digital-Engaged,2.129164234794169,0.3609780441192554
10022,42,PhD,Single,54466.0,78,16,3,0,6,2,1,Low-Engagement,-1.7806844755347553,-0.6287104807052457
7451,55,Master,Single,98777.0,23,2008,19,1,5,0,2,Established Value,3.4116516690145193,-1.4907275055545786
11010,31,PhD,Single,16269.0,75,44,6,0,11,1,1,Low-Engagement,-1.9499448534025952,0.269340574716406
4356,44,Graduation,Together,71819.0,70,1574,11,2,9,1,0,Premium High-Value,2.0063309044879865,-0.3035497511061017
3885,32,PhD,Married,33569.0,10,63,4,1,9,1,1,Low-Engagement,-1.228906898033083,-0.3380086930400582
1175,32,Master,Married,36262.0,24,426,11,1,9,0,1,Low-Engagement,0.09383933282851024,-0.6498702798781103
880,49,Basic,Together,22634.0,47,96,5,0,10,0,1,Low-Engagement,-1.395340813223442,-0.552452484600684
2320,37,2n Cycle,Married,47025.0,98,635,18,0,20,1,3,Digital-Engaged,0.2907283744614463,2.7892530296539717
850,47,Graduation,Single,70566.0,4,757,20,0,9,1,3,Digital-Engaged,0.9334361838505225,0.21045553548209756
4713,36,PhD,Married,31605.0,15,125,7,0,9,1,1,Low-Engagement,-1.475417684480568,-0.16584960699247883
675,42,Master,Divorced,52034.0,67,332,11,0,11,2,1,Low-Engagement,-0.9264799951246901,0.905050110795806
5025,36,Graduation,Single,48526.0,32,135,7,0,5,1,1,Low-Engagement,-1.1156830664946886,-1.209009884181694
2308,61,Graduation,Married,46734.0,40,330,12,0,13,1,3,Digital-Engaged,-0.517545665243674,0.9215685807504391
5995,53,Graduation,Divorced,39552.0,54,384,13,0,14,2,3,Digital-Engaged,-0.9985060467211782,1.7613625857514341
6749,49,Graduation,Single,86358.0,78,1722,14,0,13,2,3,Digital-Engaged,1.3853705135223138,1.3997823978973094
1010,38,Graduation,Together,46931.0,94,78,5,0,4,3,1,Low-Engagement,-2.236798394500061,-0.4830109164086362
8977,30,Basic,Single,16581.0,51,24,3,0,4,0,1,Low-Engagement,-1.8320411902266096,-2.072395133634344
4756,63,2n Cycle,Divorced,63998.0,42,1168,24,0,11,0,2,Established Value,1.8995210177992632,0.2794767857361543
3412,64,Master,Married,67381.0,67,957,13,1,9,1,3,Digital-Engaged,1.020707469354494,-0.1597812160553317
606,48,Graduation,Single,25930.0,87,15,3,0,8,2,1,Low-Engagement,-2.4376860215135796,-0.06274283288621886
5961,37,Graduation,Married,42693.0,29,57,4,0,6,1,1,Low-Engagement,-1.5208612077568961,-1.0558800773097328
2975,39,Graduation,Together,85606.0,89,1956,22,1,9,1,2,Established Value,2.985139828506072,0.10369485039578764
2894,30,Graduation,Single,72903.0,74,2013,20,3,11,0,0,Premium High-Value,3.9905347849741575,-0.0989484425500367
7613,41,2n Cycle,Together,49669.0,97,326,12,0,11,1,1,Low-Engagement,-0.47257826000423914,0.36743389630297224
10542,47,PhD,Married,36778.0,63,77,6,0,12,2,1,Low-Engagement,-1.856605472164922,1.0128006731342116
8015,53,PhD,Divorced,85696.0,88,1313,19,0,5,0,2,Established Value,2.1210913235697473,-1.4776015602093793
10617,26,Master,Divorced,10979.0,34,30,6,0,8,0,1,Low-Engagement,-1.6960050168504612,-0.9536219547112614
11166,54,Graduation,Married,49678.0,81,315,12,0,13,1,3,Digital-Engaged,-0.45503286124747766,0.8703604290340033
849,62,Master,Together,56129.0,65,660,18,0,10,1,3,Digital-Engaged,0.38199718914194775,0.3614612326093048
523,26,Graduation,Married,37155.0,51,74,6,0,7,1,1,Low-Engagement,-1.4820429157959671,-0.7439755894326456
4066,37,2n Cycle,Divorced,21282.0,76,46,5,0,8,1,1,Low-Engagement,-1.940953976416923,-0.5141175696206903
8414,53,PhD,Single,33419.0,76,86,6,0,9,1,1,Low-Engagement,-1.5288131975893977,-0.27110678192125454
819,70,Graduation,Widow,63285.0,84,1103,24,0,9,0,2,Established Value,1.8001522508567,-0.24867737504451462
4961,41,Master,Together,21255.0,56,61,7,0,6,1,1,Low-Engagement,-1.820434423163307,-0.9064529272047638
749,34,Graduation,Together,42162.0,31,145,7,1,9,1,1,Low-Engagement,-0.7368902391513483,-0.2746962467890837
5430,59,Graduation,Together,54450.0,0,684,19,0,17,2,3,Digital-Engaged,0.08419811147918621,2.724785606503619
7755,61,PhD,Married,57744.0,91,411,14,0,17,1,3,Digital-Engaged,0.024167984156770267,1.8832945650133934
10525,29,Graduation,Single,26576.0,40,27,3,1,10,1,1,Low-Engagement,-1.4807553061776546,-0.14087855878907513
1453,72,PhD,Widow,57513.0,59,1060,25,0,15,0,3,Digital-Engaged,1.7769269712026445,1.2912985028918156
8310,51,Graduation,Together,68142.0,96,1459,21,0,16,1,3,Digital-Engaged,1.688097989273001,1.8719058006065095
10710,36,Graduation,Married,7500.0,61,18,3,0,9,1,1,Low-Engagement,-2.422776527906109,-0.28688538442049977
5031,41,Graduation,Together,83145.0,14,1833,25,1,7,0,2,Established Value,3.428864664337389,-0.7405773461148855
2613,55,Master,Married,54197.0,16,237,10,0,2,1,1,Low-Engagement,-0.7244658753346982,-1.8286665582388488
213,52,PhD,Single,23091.0,98,48,6,0,9,2,1,Low-Engagement,-2.251261336999283,0.2890579620691997
967,39,Graduation,Married,46049.0,11,515,16,0,12,2,3,Digital-Engaged,-0.5502022109239989,1.4104237303923
1077,41,Graduation,Together,56715.0,52,1020,14,0,11,0,2,Established Value,0.8957206476678776,-0.07820973218933845
7959,54,Graduation,Married,79410.0,19,1370,10,0,4,0,2,Established Value,1.370303358323234,-1.9618919019375411
640,64,Graduation,Married,57304.0,61,1026,23,0,12,1,3,Digital-Engaged,1.1157381672255826,1.0368252527614894
4252,50,Graduation,Married,44375.0,73,301,11,0,9,1,1,Low-Engagement,-0.7242718454283374,-0.11544795877116627
8432,59,Graduation,Together,54450.0,0,684,19,0,17,2,3,Digital-Engaged,0.08419811147918621,2.724785606503619
6218,50,Graduation,Married,59594.0,74,499,16,1,15,1,3,Digital-Engaged,0.7203122984234653,1.4228897698749974
6905,21,Graduation,Together,80685.0,55,1004,20,0,8,0,2,Established Value,1.8328353444105538,-0.6647772617444085
5922,41,PhD,Married,40344.0,48,218,10,0,11,1,1,Low-Engagement,-0.9393178285730623,0.3715773175580976
3598,43,Graduation,Married,62710.0,53,606,18,0,8,1,3,Digital-Engaged,0.4611729035896022,-0.13397594145123876
6116,47,2n Cycle,Married,48985.0,13,75,5,0,4,1,1,Low-Engagement,-1.3148600547139209,-1.5087046124379584
6263,47,Graduation,Together,35322.0,34,106,6,0,10,3,1,Low-Engagement,-2.34115770521929,1.1116173293764349
10486,67,Graduation,Married,77142.0,54,990,16,0,6,0,2,Established Value,1.4268690908145993,-1.28701107586826
2410,46,Graduation,Single,81657.0,69,1097,15,0,4,0,2,Established Value,1.534395104693882,-1.8387370996411996
193,19,Basic,Married,14421.0,81,16,3,1,6,0,1,Low-Engagement,-1.3935724577459911,-1.6697204889803579
3363,41,2n Cycle,Married,20130.0,99,34,4,0,9,0,1,Low-Engagement,-1.5889610274180719,-0.878730480204015
8278,25,PhD,Married,74214.0,3,1711,15,0,13,0,2,Established Value,2.0290687596711785,0.44872507705544873
10660,58,Master,Married,66726.0,61,438,14,1,15,2,3,Digital-Engaged,0.25341893861837883,1.890774515804512
8686,36,Basic,Together,23724.0,65,75,5,0,10,1,1,Low-Engagement,-1.8283857522738922,-0.02340978525411024
1604,55,Master,Married,47353.0,93,225,10,0,7,1,1,Low-Engagement,-0.8171931088359788,-0.6695145643559359
5907,63,Master,Married,33444.0,24,18,3,0,9,2,1,Low-Engagement,-2.247552311090505,0.22176451096327948
10669,34,Graduation,Married,54386.0,8,470,15,0,6,1,1,Low-Engagement,-0.10500967756152706,-0.6608890982893494
2918,34,Graduation,Divorced,28510.0,72,91,6,0,7,2,1,Low-Engagement,-2.114811560084765,-0.18740677480576506
5735,24,Master,Single,90638.0,29,2525,17,1,4,0,2,Established Value,3.2722164075975555,-1.8007671224279904
359,65,Graduation,Together,48070.0,33,504,16,0,15,1,3,Digital-Engaged,-0.022195680541290713,1.5605663387856548
8387,58,Graduation,Married,43140.0,68,235,10,0,10,1,1,Low-Engagement,-0.8689058281280954,0.09928881667386551
1829,54,PhD,Divorced,54959.0,55,1232,18,1,16,1,3,Digital-Engaged,1.4177675490412256,1.781712497421399
3839,57,Basic,Single,15056.0,76,88,7,0,7,2,1,Low-Engagement,-2.370922027198844,-0.11297761360416005
9392,44,Graduation,Single,26954.0,17,17,3,0,8,1,1,Low-Engagement,-1.9773528329661707,-0.5453816730206557
2292,30,Graduation,Single,22327.0,94,24,4,0,6,1,1,Low-Engagement,-2.0322011046260418,-1.059558688724336
10466,50,Graduation,Married,44393.0,86,60,5,0,5,2,1,Low-Engagement,-1.8577022199689974,-0.7748554607229934
9855,63,PhD,Single,62000.0,25,1020,25,1,10,1,3,Digital-Engaged,1.793665703499568,0.5859991081640402
4088,53,PhD,Together,31497.0,22,155,8,0,11,1,1,Low-Engagement,-1.3513194815577398,0.3512140608180018
5231,41,2n Cycle,Married,45894.0,15,51,4,0,6,2,1,Low-Engagement,-1.8936910467543675,-0.5005017019428792
590,45,Master,Divorced,78579.0,35,1812,15,0,8,0,2,Established Value,2.15565271809032,-0.8132130986933335
8732,46,Master,Widow,67369.0,81,1461,21,2,11,1,0,Premium High-Value,2.525682461184949,0.5529127042714088
2315,55,Graduation,Divorced,58401.0,55,96,5,0,5,1,1,Low-Engagement,-1.0496544404916521,-1.3372487798032524
3515,63,Graduation,Single,62307.0,94,160,8,0,9,1,1,Low-Engagement,-0.6258639180386836,-0.3045734131931823
2245,46,Master,Married,43641.0,50,139,7,0,8,2,1,Low-Engagement,-1.6262371441261725,0.06890213340849614
6283,47,Master,Divorced,63841.0,64,908,21,0,15,1,3,Digital-Engaged,1.071920531932825,1.6685957049287832
2246,50,2n Cycle,Married,46891.0,91,183,7,0,6,1,1,Low-Engagement,-1.0899646273824146,-1.0203815424534846
6606,46,Master,Married,70091.0,11,1161,17,1,13,1,3,Digital-Engaged,1.5990624296184974,1.01209703148779
5545,43,PhD,Married,78075.0,72,988,13,0,4,0,2,Established Value,1.2114332856765944,-1.9055727889287153
7342,54,2n Cycle,Widow,59184.0,6,1072,24,0,11,1,3,Digital-Engaged,1.2504227370374854,0.8812146126299013
837,38,Graduation,Married,54809.0,0,174,8,0,6,2,1,Low-Engagement,-1.2919661734440788,-0.364091896108706
9500,56,Graduation,Married,58113.0,66,758,19,0,16,1,3,Digital-Engaged,0.6750454961232942,1.852346563891552
3602,57,Master,Married,51412.0,42,195,9,0,7,1,1,Low-Engagement,-0.8225708998337019,-0.6671254267666552
234,36,Graduation,Divorced,15287.0,60,31,4,1,8,1,1,Low-Engagement,-1.7057023888563576,-0.5761590933188612
2995,58,Master,Together,66636.0,64,1084,16,0,4,0,2,Established Value,1.2304934760353519,-1.75035749986
1118,59,Master,Married,50965.0,87,685,19,1,18,1,3,Digital-Engaged,0.9341103609913827,2.2789779211750845
7789,50,PhD,Married,84618.0,96,1672,25,1,8,0,2,Established Value,3.3448156318100626,-0.5873757822233652
3068,25,Graduation,Married,18351.0,1,43,5,0,9,0,1,Low-Engagement,-1.5662692463381336,-0.7360800780707323
8955,58,PhD,Together,40451.0,54,49,4,1,6,2,1,Low-Engagement,-1.5568861993933594,-0.5835016213037327
945,50,Graduation,Together,36317.0,53,133,7,0,10,1,1,Low-Engagement,-1.3355266540101849,0.02413699622185329
5644,58,Graduation,Together,42213.0,96,363,13,1,12,1,3,Digital-Engaged,-0.06992874427222921,0.6121958134128898
7192,60,Graduation,Together,65748.0,58,545,16,0,3,1,2,Established Value,0.26774722922390265,-1.439646065019231
2324,43,Graduation,Together,77044.0,12,1065,29,1,11,1,3,Digital-Engaged,2.48773042740327,0.943872012371005
697,46,Graduation,Together,74918.0,78,2047,20,1,8,0,2,Established Value,3.0969243928952848,-0.719031090089025
3439,43,Graduation,Married,56721.0,64,296,10,0,10,2,1,Low-Engagement,-0.9307079074502926,0.6129942013342995
1506,40,Graduation,Single,42160.0,26,140,7,0,8,2,1,Low-Engagement,-1.6639780727030224,0.09804167840557414
232,50,Graduation,Single,61559.0,8,530,16,0,7,1,2,Established Value,0.20565641108805807,-0.40227161242935733
8876,52,PhD,Together,33629.0,49,152,8,0,12,2,1,Low-Engagement,-1.7274277846786632,1.111379001587155
4500,24,PhD,Together,68682.0,56,1598,23,0,6,0,2,Established Value,2.2568300738169422,-0.9983062262634935
9739,52,Graduation,Single,34377.0,55,114,6,0,9,1,1,Low-Engagement,-1.4832955099430087,-0.2523014120705981
10395,29,Basic,Single,8940.0,25,101,7,0,11,1,1,Low-Engagement,-2.0116912893945127,0.38064449113820276
1176,42,Graduation,Married,26228.0,50,25,3,0,9,1,1,Low-Engagement,-1.9689007793022832,-0.33342483096090897
1627,58,2n Cycle,Divorced,77297.0,84,789,21,1,9,0,2,Established Value,2.111129259849143,-0.4660433616981287
938,34,Graduation,Married,40211.0,30,87,5,1,10,2,1,Low-Engagement,-1.4034789999671002,0.4524685510222606
2740,57,PhD,Widow,33438.0,81,90,7,0,7,2,1,Low-Engagement,-1.9263207967195801,-0.17505359881926774
257,56,PhD,Married,75032.0,74,1215,18,0,8,1,2,Established Value,1.306325505806838,-0.18701151285793238
4058,60,PhD,Single,61284.0,76,811,21,1,17,0,3,Digital-Engaged,1.8614637212757568,1.5388810389390855
7736,29,Graduation,Married,22518.0,36,61,5,1,7,1,1,Low-Engagement,-1.452756246642536,-0.7802267630752833
8210,40,Master,Married,54730.0,64,405,13,0,8,1,1,Low-Engagement,-0.25822226958638617,-0.3068872611413648
833,60,Master,Married,38452.0,62,72,6,0,10,2,1,Low-Engagement,-1.8501474992329108,0.521863076179933
6230,44,Graduation,Divorced,44421.0,53,189,9,0,13,2,1,Low-Engagement,-1.3498292524473003,1.354437157058407
7325,29,PhD,Together,38197.0,86,40,4,0,6,1,1,Low-Engagement,-1.6371034969545502,-1.1004036457883575
1307,37,Graduation,Divorced,41986.0,15,63,7,0,7,1,1,Low-Engagement,-1.3105005266453815,-0.6854229702002069
1502,32,Graduation,Together,28427.0,67,52,5,0,10,1,1,Low-Engagement,-1.735628625003752,-0.04028482532123952
6211,39,PhD,Together,37395.0,47,39,4,0,7,1,1,Low-Engagement,-1.6475865488592631,-0.8146969691517851
843,44,Graduation,Married,64722.0,47,805,21,0,14,1,3,Digital-Engaged,0.9840154385215565,1.4387652149989716
4174,59,Master,Together,55249.0,81,130,7,0,5,1,1,Low-Engagement,-0.9522947971970274,-1.28000347546065
9757,43,Graduation,Together,84906.0,98,1631,23,3,7,0,0,Premium High-Value,4.090469488011908,-1.0277608658285011
6918,26,Graduation,Married,28691.0,56,34,4,0,9,1,1,Low-Engagement,-1.8311149383185235,-0.31025382960617137
286,63,Graduation,Single,44213.0,48,152,8,0,8,2,1,Low-Engagement,-1.5313565381875138,0.1061581137329936
11086,31,Basic,Single,25707.0,18,21,4,0,8,1,1,Low-Engagement,-1.9339224786087632,-0.5056518499786048
1921,48,PhD,Married,59062.0,74,71,5,0,6,3,1,Low-Engagement,-1.9245725588168932,-0.01353050137005346
4138,53,Graduation,Single,76624.0,68,899,22,1,6,1,2,Established Value,1.774793151880633,-0.5885779842647825
7718,68,Master,Together,66000.0,36,711,9,0,2,0,2,Established Value,0.35999573203219654,-2.4684378240675864
1291,37,PhD,Together,27683.0,90,351,12,0,14,1,1,Low-Engagement,-0.9361116078817843,1.1730954638318594
6862,44,Graduation,Divorced,1730.0,65,8,0,0,20,0,1,Low-Engagement,-2.0326035710480443,1.7243263337986552
4136,23,Basic,Single,7500.0,63,119,7,0,12,1,1,Low-Engagement,-2.009295570907291,0.5896153430542653
803,47,Graduation,Together,40521.0,82,21,3,0,5,2,1,Low-Engagement,-2.1257472210881,-0.8328728533469882
4298,42,PhD,Together,20427.0,63,10,3,0,9,1,1,Low-Engagement,-2.1175734623313764,-0.328863045255768
10833,40,Graduation,Married,65106.0,55,973,24,1,14,1,3,Digital-Engaged,1.81868691149146,1.4817755992445691
9606,50,PhD,Married,69969.0,64,1536,12,2,7,0,0,Premium High-Value,2.41020633882338,-1.2930209364808518
8534,63,Graduation,Married,67433.0,51,992,24,1,10,2,3,Digital-Engaged,1.3901042384894118,1.0564799006436476
5153,48,PhD,Married,77766.0,97,1529,32,1,17,1,3,Digital-Engaged,3.228597111147999,2.4304612506013674
961,43,Graduation,Married,74716.0,92,860,15,0,11,1,3,Digital-Engaged,0.8173007271137124,0.4112434308936657
5011,52,Graduation,Divorced,68118.0,51,928,21,0,14,1,3,Digital-Engaged,1.1765066382481708,1.4254876095358535
6653,45,PhD,Married,55158.0,72,418,14,0,14,2,3,Digital-Engaged,-0.5206400781525615,1.7317927555372468
9094,60,2n Cycle,Married,62972.0,39,587,14,0,13,1,3,Digital-Engaged,0.24282459318978772,0.9487369690983439
810,40,Graduation,Married,74190.0,49,641,17,0,6,1,2,Established Value,0.6692930892312144,-0.6886529250115634
5493,39,Graduation,Married,39356.0,21,23,3,1,7,2,1,Low-Engagement,-1.665797273117758,-0.34013613802775217
2147,46,Graduation,Together,76653.0,91,2279,22,2,6,0,0,Premium High-Value,3.7859969106572113,-1.2098491916098557
5107,42,PhD,Divorced,35860.0,37,49,4,1,6,2,1,Low-Engagement,-1.6694565881660235,-0.5518884454777067
3979,32,PhD,Divorced,90687.0,98,1779,16,1,8,0,2,Established Value,2.9595760131716413,-0.9386549312323541
6049,33,Master,Together,73450.0,85,1804,26,2,10,0,0,Premium High-Value,3.7567078603612774,-0.07648957296045915
8147,55,Graduation,Married,31454.0,40,48,5,0,10,2,1,Low-Engagement,-2.112482137617787,0.5289458553425493
1857,63,Graduation,Single,47139.0,2,83,5,0,9,2,1,Low-Engagement,-1.7231624418827465,0.2761951742349336
3910,40,Graduation,Divorced,83829.0,78,1862,17,3,5,0,0,Premium High-Value,3.8217088880576693,-1.7092308730248813
5207,52,PhD,Married,53378.0,41,793,19,0,17,2,3,Digital-Engaged,0.16130067371163737,2.68737816151248
11114,45,Graduation,Together,19656.0,94,84,6,0,9,1,1,Low-Engagement,-1.8594174705562403,-0.24686513053379272
5429,67,PhD,Married,45579.0,10,183,9,0,10,1,1,Low-Engagement,-0.9338594877542935,0.11361719404413888
9400,57,2n Cycle,Single,85485.0,73,1383,18,0,8,0,2,Established Value,2.1509914287217846,-0.7676178978101419
1740,71,Graduation,Married,55956.0,22,999,14,1,11,0,3,Digital-Engaged,1.3195016906380883,-0.10539234317984762
7488,52,Master,Single,64191.0,30,825,21,0,8,1,2,Established Value,0.8994401668458373,-0.0021380320566619345
195,43,Graduation,Single,38808.0,21,246,10,1,13,1,1,Low-Engagement,-0.4607100970176959,0.8309860401012724
635,49,Master,Married,57183.0,51,610,17,0,17,2,3,Digital-Engaged,-0.04944608510338811,2.589679281743367
7527,47,Master,Divorced,23748.0,97,76,6,0,10,1,1,Low-Engagement,-1.7531809683196953,-0.019347023350459975
10319,44,Graduation,Married,66303.0,56,1286,18,1,11,1,3,Digital-Engaged,1.6661947245315516,0.5293210014562858
2296,40,Master,Married,37368.0,4,30,3,1,7,1,1,Low-Engagement,-1.2667825435029068,-0.8675698560095537
10637,51,Graduation,Married,40800.0,77,99,6,0,10,3,1,Low-Engagement,-2.210264487464818,1.0505959162247607
2931,37,Graduation,Divorced,71847.0,95,1192,22,1,9,0,2,Established Value,2.4125077287550707,-0.4191614148554333
907,40,Graduation,Married,46149.0,36,362,13,0,10,1,1,Low-Engagement,-0.47751141016850635,0.23458915240581701
3698,32,Graduation,Together,78687.0,13,2130,18,1,6,0,2,Established Value,3.0816418551842983,-1.2238008842411583
9516,44,2n Cycle,Divorced,49118.0,90,1229,26,2,16,0,0,Premium High-Value,2.744009063386767,1.4477141417912451
679,58,PhD,Married,37633.0,49,38,4,0,10,2,1,Low-Engagement,-2.0413982554348507,0.46363711564987387
7384,64,Master,Together,39767.0,18,485,15,0,15,0,3,Digital-Engaged,0.13213266266472684,1.0135388316155982
5043,64,Basic,Married,26997.0,89,434,11,0,11,0,1,Low-Engagement,-0.5491335366422241,-0.1408217667181257
5267,45,Graduation,Divorced,33986.0,43,44,4,0,8,1,1,Low-Engagement,-1.7110081050222237,-0.5566267459629587
339,43,PhD,Married,57091.0,82,496,16,1,16,1,3,Digital-Engaged,0.673016821710469,1.6657954571740985
2516,46,2n Cycle,Married,46831.0,84,78,5,0,5,2,1,Low-Engagement,-1.7831657793139857,-0.7801726115121781
9010,43,Master,Married,83151.0,80,2346,22,3,7,0,0,Premium High-Value,4.420162075190904,-1.0353678514156046
378,44,Graduation,Married,52531.0,68,794,19,0,13,0,3,Digital-Engaged,0.9721946018231096,0.5868710379533338
4808,59,Graduation,Married,15759.0,12,17,3,0,8,0,1,Low-Engagement,-1.804584183486728,-1.05661784870351
5068,44,Graduation,Single,22804.0,75,26,4,0,11,1,1,Low-Engagement,-1.948315358599667,0.17519975793827164
7628,42,2n Cycle,Married,43050.0,10,76,6,0,7,1,1,Low-Engagement,-1.3435905130689674,-0.7203107226685205
7128,38,PhD,Single,42997.0,91,15,3,0,8,2,1,Low-Engagement,-2.0266361748823174,-0.11974159680768094
2811,52,PhD,Single,48918.0,21,62,5,0,5,2,1,Low-Engagement,-1.7552173665042268,-0.7224060518632793
3551,61,Master,Together,60033.0,28,198,8,0,4,1,1,Low-Engagement,-0.7277751750972394,-1.4464219047782108
1663,37,PhD,Together,34043.0,97,49,4,0,11,1,1,Low-Engagement,-1.6545745000843448,0.118115780696371
5543,49,Graduation,Together,57811.0,49,802,20,1,12,1,3,Digital-Engaged,1.1810514236223144,0.8745750459464179
1577,69,Graduation,Married,78569.0,14,1736,14,1,5,0,2,Established Value,2.4357440800556374,-1.6194351333095944
10641,37,Graduation,Single,7500.0,5,57,6,0,8,2,1,Low-Engagement,-2.642981595606781,0.1890175660899605
5336,44,Master,Together,157733.0,37,59,2,0,2,1,1,Low-Engagement,-0.4706016625036073,-2.2716417477287383
6024,62,Graduation,Together,94384.0,62,2302,18,3,7,0,0,Premium High-Value,4.409255218562793,-1.1991594028010688
1878,30,2n Cycle,Married,23148.0,83,37,5,0,9,0,1,Low-Engagement,-1.4459661214841422,-0.8348527495230117
3099,45,Graduation,Divorced,44267.0,48,310,11,0,14,2,3,Digital-Engaged,-1.0916268556847109,1.6783882652813562
6055,36,Graduation,Married,71626.0,94,1305,18,1,8,0,2,Established Value,2.2149380340894704,-0.8069522962912259
5841,49,Graduation,Together,60894.0,61,832,21,0,17,1,3,Digital-Engaged,0.9617030577478778,2.166686935445115
3972,39,Graduation,Together,50200.0,70,401,13,0,15,2,3,Digital-Engaged,-0.710514638841607,1.955537745210338
4394,50,PhD,Married,81051.0,43,1501,22,2,7,0,0,Premium High-Value,3.3399091976171316,-0.9378587858568893
5758,33,Graduation,Married,65169.0,23,1189,27,4,16,0,0,Premium High-Value,4.08482414254823,1.3829048506008221
6658,43,Graduation,Together,59868.0,37,1194,25,0,17,1,3,Digital-Engaged,1.5374861861914455,2.345719716426056
4603,55,PhD,Married,65695.0,50,656,19,0,9,1,3,Digital-Engaged,0.6617525269152754,0.14058295680393934
8427,59,Master,Single,64857.0,78,1540,22,0,11,0,2,Established Value,2.1188580317324592,0.17037427558399845
10260,50,Master,Together,45143.0,74,311,12,0,13,1,3,Digital-Engaged,-0.5685880539906714,0.8915325012895825
7143,60,2n Cycle,Together,74805.0,14,820,21,0,6,1,2,Established Value,1.1190678717216433,-0.5054545224829481
8789,26,2n Cycle,Married,59060.0,77,274,11,0,7,1,1,Low-Engagement,-0.42393400192101205,-0.6520724074236665
6197,53,PhD,Single,27238.0,39,57,6,0,12,2,1,Low-Engagement,-2.1070375814067837,1.0666950664415566
4554,50,Graduation,Together,47009.0,89,448,13,0,7,1,1,Low-Engagement,-0.41685482531675766,-0.5514008817482154
4937,42,2n Cycle,Married,46094.0,62,44,4,0,8,2,1,Low-Engagement,-1.8600574156369771,-0.06253444646422458
1920,43,Graduation,Married,40321.0,59,102,6,0,10,2,1,Low-Engagement,-1.77866309869915,0.5194629860294423
8749,31,Graduation,Together,37235.0,68,61,4,0,5,1,1,Low-Engagement,-1.6582726759860826,-1.3221475265628604
1650,55,Master,Married,81843.0,13,1643,26,0,8,0,2,Established Value,2.8467199058424666,-0.3974089247160192
10377,57,Master,Together,46692.0,37,397,12,0,12,1,3,Digital-Engaged,-0.47345189176495384,0.6821378172235759
9206,47,Graduation,Together,77382.0,36,1121,24,1,6,1,2,Established Value,2.1275146748119687,-0.4821073324658786
10971,38,Graduation,Single,37774.0,28,473,12,1,16,2,3,Digital-Engaged,-0.5406080022988485,2.1843207875763486
6398,41,Basic,Married,18393.0,2,50,6,0,11,1,1,Low-Engagement,-1.9026333191598985,0.33745600717660024
9212,53,Master,Married,72828.0,17,1678,22,0,13,1,3,Digital-Engaged,2.013202760953696,1.2473022814897126
7937,33,Graduation,Married,24711.0,86,58,6,0,10,0,1,Low-Engagement,-1.3048450371815346,-0.5623357848227654
839,40,PhD,Married,45503.0,54,170,8,0,8,1,1,Low-Engagement,-1.0407386315627145,-0.45483289565872936
4246,33,Master,Single,6560.0,2,373,2,0,18,0,1,Low-Engagement,-1.607458295761625,1.379628305074475
158,70,PhD,Together,71604.0,3,1196,16,1,12,0,2,Established Value,2.0242169110856536,0.18471256074578704
4832,36,Graduation,Married,27244.0,84,101,6,0,9,1,1,Low-Engagement,-1.662898203722545,-0.2599794844584099
5621,46,Graduation,Married,48752.0,8,316,12,0,15,2,3,Digital-Engaged,-0.8990645549474499,1.9856462579086942
1945,53,Graduation,Married,71434.0,4,1400,18,2,11,1,0,Premium High-Value,2.349957985439277,0.507842092391605
5147,67,Graduation,Single,90842.0,57,1424,26,0,5,0,2,Established Value,2.8285275380350074,-1.2027514600587932
2535,37,Master,Married,88097.0,24,844,19,3,15,1,0,Premium High-Value,2.847466072753498,1.379977059727255
11039,40,Graduation,Married,51948.0,51,311,11,0,10,1,1,Low-Engagement,-0.5212960706177889,0.12703463596212214
9495,33,Graduation,Together,71853.0,29,1149,16,0,3,0,2,Established Value,1.3952832374198518,-1.9733968470435395
9635,32,Master,Married,35876.0,13,129,7,0,9,0,1,Low-Engagement,-0.9266499226403953,-0.7280553411484783
2173,63,Graduation,Widow,40049.0,23,32,4,0,7,1,1,Low-Engagement,-1.5930336403257497,-0.7984634315155374
942,33,Graduation,Single,39660.0,36,299,11,0,16,1,3,Digital-Engaged,-0.7419249812704942,1.6404816132662838
9386,53,Graduation,Together,50127.0,88,320,12,1,11,1,3,Digital-Engaged,-0.0034356095981317083,0.31517163219790256
5510,38,Master,Married,43263.0,2,441,13,0,10,1,1,Low-Engagement,-0.4803595690079317,0.2791579149190267
873,66,Master,Married,62845.0,3,1178,17,1,11,2,3,Digital-Engaged,0.9671061550900192,1.1072622317374563
2253,25,Graduation,Married,18929.0,15,85,5,0,7,0,1,Low-Engagement,-1.5421466028715367,-1.2384438881670157
5181,33,Basic,Single,24367.0,58,24,3,0,10,1,1,Low-Engagement,-1.998959436744709,-0.09248761346852055
979,40,Graduation,Single,33249.0,11,112,6,0,8,1,1,Low-Engagement,-1.532345808356386,-0.44719901424735903
10390,56,2n Cycle,Married,26887.0,27,30,4,0,7,1,1,Low-Engagement,-1.9109378806985822,-0.7617714364359364
4698,32,PhD,Married,50150.0,32,410,14,0,10,0,3,Digital-Engaged,0.17368131802560408,-0.2874126389211777
7793,39,Graduation,Together,62061.0,12,800,21,1,16,1,3,Digital-Engaged,1.4049649907801254,1.9094812015317877
1745,53,PhD,Divorced,85696.0,88,1313,19,0,5,0,2,Established Value,2.1210913235697473,-1.4776015602093793
10590,59,PhD,Together,76542.0,91,1483,22,0,6,0,2,Established Value,2.2774566620486874,-1.0965522051646321
5080,22,Graduation,Single,70515.0,12,1258,16,0,8,0,2,Established Value,1.531710490027792,-0.7338909556432378
8369,28,Graduation,Together,18227.0,21,28,3,0,8,1,1,Low-Engagement,-2.176915320522712,-0.5222969546126264
5232,50,Graduation,Married,69139.0,23,227,10,0,8,1,1,Low-Engagement,-0.28552074645827213,-0.4221058145110675
2407,33,Graduation,Married,69109.0,10,1555,19,1,10,0,2,Established Value,2.466947960405741,-0.18698629050108037
3834,53,Graduation,Single,69627.0,35,861,21,0,13,1,3,Digital-Engaged,1.1361160238589911,1.1930800268158972
7912,37,Graduation,Married,38136.0,69,103,6,1,11,1,1,Low-Engagement,-0.907143106815818,0.14834941651141664
7712,69,PhD,Single,62159.0,68,634,18,0,10,0,2,Established Value,0.9468033425284215,-0.21163631407066444
1065,52,Graduation,Single,80695.0,85,1918,18,0,7,0,2,Established Value,2.502425413161575,-1.0025673228478351
7275,44,Master,Single,33316.0,34,131,7,0,8,2,1,Low-Engagement,-1.8837876476691766,0.11718167292999908
1343,47,Graduation,Together,58554.0,55,586,16,0,15,2,3,Digital-Engaged,-0.13640179039504946,2.057519244021957
1384,23,Basic,Married,17256.0,10,62,5,1,10,1,1,Low-Engagement,-1.5378988338242923,-0.007247036344027615
9967,41,Graduation,Divorced,53034.0,30,447,14,0,14,2,3,Digital-Engaged,-0.5509989679402248,1.7816337327147853
6181,65,2n Cycle,Together,52203.0,36,939,26,0,14,0,3,Digital-Engaged,1.5929173207668617,1.12344176667233
10507,38,2n Cycle,Divorced,59601.0,14,797,11,1,10,1,3,Digital-Engaged,0.5586013585463436,0.0864536831566489
2674,57,Master,Single,75154.0,79,1143,15,0,9,1,2,Established Value,1.0507797231722609,-0.06045650872387326
2698,39,Graduation,Single,47025.0,52,415,14,0,12,1,3,Digital-Engaged,-0.30798861915954395,0.7396513440964138
3231,42,Graduation,Married,37971.0,97,30,4,0,9,1,1,Low-Engagement,-1.6063251653608377,-0.3809843107284886
4096,47,Master,Divorced,41335.0,24,187,9,0,11,1,1,Low-Engagement,-1.0160046774074436,0.3558620304631694
10476,57,Graduation,Married,67267.0,0,251,10,0,5,1,1,Low-Engagement,-0.3557183986388674,-1.1225999502413777
5948,40,Graduation,Single,57338.0,96,237,10,0,9,1,1,Low-Engagement,-0.5366649146338505,-0.2166894205644864
9140,55,2n Cycle,Together,50523.0,89,91,6,0,8,2,1,Low-Engagement,-1.5685532742238184,-0.029671686695364026
10258,50,Master,Single,35791.0,94,35,4,0,9,3,1,Low-Engagement,-2.5400433534301494,0.7310027604210153
5675,55,PhD,Divorced,50611.0,98,493,16,1,10,1,3,Digital-Engaged,0.42885474226935305,0.20934513187239648
4743,46,PhD,Married,56242.0,72,971,23,0,14,1,3,Digital-Engaged,1.0714529526444412,1.5149880789754222
8805,55,Graduation,Single,48904.0,1,371,13,0,15,1,3,Digital-Engaged,-0.3345591612533761,1.4787201335022309
1542,40,Graduation,Single,56243.0,26,396,14,0,9,3,1,Low-Engagement,-1.0357369100850495,1.1094832452300591
6770,30,Graduation,Married,21355.0,5,68,5,1,8,1,1,Low-Engagement,-1.4637452769301806,-0.5014929500802844
8773,44,Master,Together,57420.0,22,322,12,1,12,1,3,Digital-Engaged,0.18010868445933753,0.6034203799752885
10420,60,Master,Divorced,46390.0,56,222,9,0,11,1,1,Low-Engagement,-0.8590045110456229,0.30785578672471386
7514,59,2n Cycle,Together,54342.0,74,177,8,0,9,2,1,Low-Engagement,-1.247420800324576,0.29180543819332716
793,42,Graduation,Married,20895.0,24,45,5,0,11,1,1,Low-Engagement,-1.913884694562775,0.2703096515068904
10909,67,Graduation,Married,92344.0,9,1899,20,2,6,0,0,Premium High-Value,3.8101660090101763,-1.2508148933446637
8702,39,2n Cycle,Together,26907.0,10,22,4,0,8,2,1,Low-Engagement,-2.3478563479699432,0.04987169726109419
4791,35,Graduation,Together,44964.0,35,41,4,0,9,2,1,Low-Engagement,-1.8787179420432187,0.21189856139792718
2963,36,Graduation,Together,75507.0,56,1440,20,0,11,0,2,Established Value,2.1431809126380985,0.08507599432365832
8216,43,Master,Married,53761.0,7,325,11,0,9,2,1,Low-Engagement,-0.9279453340452625,0.47424758574911824
8140,42,Graduation,Together,22682.0,51,95,7,0,6,1,1,Low-Engagement,-1.7562464387084618,-0.9053944207405525
10146,43,PhD,Together,38887.0,17,42,4,0,8,1,1,Low-Engagement,-1.5981708042439644,-0.5452598538419251
5289,40,2n Cycle,Single,41658.0,30,72,4,0,5,2,1,Low-Engagement,-1.989474867440104,-0.7458348517378421
2587,43,PhD,Married,29791.0,21,20,5,0,7,1,1,Low-Engagement,-1.7810877382425745,-0.727905833138169
4405,59,Master,Married,63915.0,2,789,21,0,11,2,3,Digital-Engaged,0.4581133621719733,1.3080800139112516
8663,41,Graduation,Divorced,39996.0,85,15,3,0,7,2,1,Low-Engagement,-2.1141789774298045,-0.34766186719204945
2589,43,Graduation,Divorced,26759.0,65,59,6,0,8,1,1,Low-Engagement,-1.729212807071263,-0.4828659852117491
3421,47,Master,Divorced,63841.0,64,908,21,0,15,1,3,Digital-Engaged,1.071920531932825,1.6685957049287832
10490,46,PhD,Married,51039.0,11,417,12,0,13,2,3,Digital-Engaged,-0.7823050968941146,1.4898734148433643
4094,54,Graduation,Married,60544.0,92,289,11,0,11,2,1,Low-Engagement,-0.7571932872351599,0.8526401442052588
9958,43,Graduation,Married,65685.0,54,769,20,0,14,1,3,Digital-Engaged,0.9060620209854112,1.3913880940672245
2534,62,Graduation,Married,37716.0,4,188,8,0,11,1,1,Low-Engagement,-1.1743879073012509,0.3506971584352174
4188,58,Graduation,Single,36864.0,53,354,11,0,13,1,1,Low-Engagement,-0.8015306094417691,0.9022939435410288
6613,45,Master,Married,44511.0,39,727,20,0,16,1,3,Digital-Engaged,0.38637571282798905,1.9586236991363986
10827,48,PhD,Married,36947.0,49,146,7,0,12,2,1,Low-Engagement,-1.7227080570213193,1.0641847183420032
5491,64,Master,Together,47352.0,70,319,12,0,13,1,3,Digital-Engaged,-0.5087785638752135,0.8888611238467952
8402,62,Master,Married,67087.0,40,794,20,0,11,1,3,Digital-Engaged,0.9166469316265373,0.6715536316859781
8783,65,Graduation,Married,57045.0,40,454,15,0,7,1,1,Low-Engagement,-0.036778321507103154,-0.45866509636904024
10010,62,PhD,Divorced,36957.0,43,152,7,0,12,2,1,Low-Engagement,-1.7178401344711782,1.0703534321446606
618,38,PhD,Married,69389.0,17,797,21,0,11,1,3,Digital-Engaged,1.0415398782380743,0.7248077731682022
9121,43,Graduation,Married,80134.0,40,1690,14,3,11,1,0,Premium High-Value,3.009584860518169,0.2398742889306247
361,46,Master,Married,43142.0,84,20,3,0,8,2,1,Low-Engagement,-2.019543055886456,-0.1129798954148974
4310,71,Graduation,Married,80589.0,25,1428,20,1,6,0,2,Established Value,2.642410097792596,-1.1758837393224522
2678,25,Graduation,Single,34412.0,62,209,8,0,14,1,1,Low-Engagement,-1.183953634705065,1.0319437998561107
6376,36,Graduation,Single,57537.0,83,545,15,0,8,1,3,Digital-Engaged,0.0766566978351356,-0.2598039522340477
524,49,Basic,Together,22634.0,47,96,5,0,10,0,1,Low-Engagement,-1.395340813223442,-0.552452484600684
10341,67,Graduation,Together,51315.0,45,222,9,0,4,0,1,Low-Engagement,-0.4014248452017327,-1.9507253639854736
5654,43,Graduation,Married,36026.0,34,61,5,0,8,3,1,Low-Engagement,-2.463491553719813,0.5853858634499196
4098,42,Graduation,Married,24639.0,3,44,6,0,8,2,1,Low-Engagement,-2.2441344706705486,0.13798476152303552
5824,43,PhD,Together,34578.0,1,8,3,0,7,3,1,Low-Engagement,-2.6995378199285676,0.306047216616852
7000,43,2n Cycle,Single,65704.0,18,817,22,0,3,0,2,Established Value,1.3665601996734835,-1.7256476262185074
2561,49,Graduation,Single,63810.0,45,1371,19,1,12,1,3,Digital-Engaged,1.7653823142748717,0.8294225814040191
5229,46,PhD,Together,54132.0,81,42,4,0,8,1,1,Low-Engagement,-1.2234190210778684,-0.6579538138310091
4086,56,Graduation,Married,18690.0,77,60,4,0,9,0,1,Low-Engagement,-1.6030463611954915,-0.8514904942850661
2428,45,Graduation,Married,28164.0,23,78,6,0,9,1,1,Low-Engagement,-1.6690481770305587,-0.20071616018189825
8254,41,PhD,Married,34596.0,48,23,3,0,9,1,1,Low-Engagement,-1.7696524537341238,-0.35734336444648457
2836,43,PhD,Married,43269.0,61,19,3,0,9,1,1,Low-Engagement,-1.5629782318161514,-0.39756509987673344
8418,57,2n Cycle,Single,38741.0,60,61,5,0,9,2,1,Low-Engagement,-1.9376257637100034,0.24269128869446993
1362,43,Graduation,Single,31907.0,75,449,13,0,13,0,3,Digital-Engaged,-0.2506990123744032,0.4188353423309559
7152,32,Master,Married,27100.0,64,37,4,0,8,1,1,Low-Engagement,-1.8802928343238365,-0.5568260401045028
10033,42,2n Cycle,Divorced,31163.0,54,38,4,0,7,1,1,Low-Engagement,-1.7975159282717623,-0.8025448651128205
9349,30,Graduation,Married,92533.0,84,1131,22,2,8,0,0,Premium High-Value,3.304064424368896,-0.7760445778363656
274,42,Graduation,Single,34853.0,75,34,5,0,8,2,1,Low-Engagement,-2.068081611022013,-0.0042435645661073156
3388,48,Graduation,Divorced,70844.0,16,294,12,0,13,2,3,Digital-Engaged,-0.4155651465414545,1.4220243566317992
922,36,2n Cycle,Married,31086.0,79,48,4,1,9,2,1,Low-Engagement,-1.7361194644413234,0.15003395592445556
8588,54,Graduation,Married,60544.0,92,289,11,0,11,2,1,Low-Engagement,-0.7571932872351599,0.8526401442052588
2518,29,2n Cycle,Together,20491.0,16,30,3,0,7,0,1,Low-Engagement,-1.693196577434542,-1.3185934102902837
574,51,Graduation,Married,42523.0,96,125,6,0,3,0,1,Low-Engagement,-0.9172436564932247,-2.3305545458103785
3220,32,Graduation,Married,39922.0,30,156,7,0,11,1,1,Low-Engagement,-1.2164693589764632,0.2800847422322031
5967,63,Graduation,Together,33402.0,60,70,6,0,10,2,1,Low-Engagement,-1.9736700628542074,0.5395415169198549
1183,66,Master,Married,36408.0,11,22,3,0,7,2,1,Low-Engagement,-2.2034987573225373,-0.26080544908816067
6856,36,Graduation,Together,21645.0,75,65,6,0,12,1,1,Low-Engagement,-1.7871928979591842,0.49626124975556546
4530,67,Master,Widow,78427.0,36,1930,20,1,6,0,2,Established Value,3.041943620354587,-1.1749592883864544
1553,69,Graduation,Together,82657.0,71,2283,22,2,11,0,0,Premium High-Value,4.000916041343131,0.00877567759465683
4682,57,Graduation,Married,51876.0,88,310,12,0,3,0,2,Established Value,-0.10907750690747832,-2.1282982812962357
8204,44,2n Cycle,Married,78041.0,93,1319,17,0,6,0,2,Established Value,1.8181290543844075,-1.2892446731000897
5221,58,Graduation,Married,52852.0,93,879,22,1,18,1,3,Digital-Engaged,1.3633652831974,2.3796354801818635
1232,33,PhD,Together,70038.0,54,1244,16,0,6,0,2,Established Value,1.4837521082191758,-1.262221184501611
1927,42,2n Cycle,Together,69401.0,41,690,13,0,6,1,2,Established Value,0.3181709167532634,-0.8124650340117117
5788,43,Graduation,Together,46053.0,46,209,9,0,8,1,1,Low-Engagement,-0.9238252027404227,-0.411091134976336
6652,50,Graduation,Married,77343.0,28,1134,16,0,4,0,2,Established Value,1.5283695735653193,-1.7461993441475574
6246,62,Graduation,Single,73892.0,40,1507,22,0,4,0,2,Established Value,2.1996305619451233,-1.5226494916816224
5975,48,PhD,Single,40304.0,82,57,5,0,9,1,1,Low-Engagement,-1.458160880880529,-0.33574397618833113
6875,50,PhD,Together,32727.0,38,529,15,0,15,0,3,Digital-Engaged,0.004751337884499701,1.0153948961176087
4399,46,Graduation,Together,68695.0,3,1091,15,0,6,0,2,Established Value,1.2381306709743278,-1.24442523626925
4042,44,Graduation,Divorced,43300.0,87,180,8,0,12,1,1,Low-Engagement,-1.022220886901981,0.49179852770107235
2157,43,Graduation,Together,26290.0,49,77,6,0,8,2,1,Low-Engagement,-2.1690541559898544,0.0861959330108915
10133,45,Graduation,Single,93790.0,16,2349,25,3,8,0,0,Premium High-Value,4.891795924034713,-0.6490300667405857
2525,41,PhD,Married,38410.0,65,534,16,0,11,0,3,Digital-Engaged,0.16064107787417964,0.03363784427834973
8233,65,Master,Widow,64866.0,9,556,17,1,12,1,3,Digital-Engaged,0.9159996359841504,0.7803914067757237
9483,56,Graduation,Together,57957.0,24,637,18,0,7,1,2,Established Value,0.35639774749868264,-0.33261214008255463
2945,60,PhD,Together,46015.0,25,46,4,2,8,2,1,Low-Engagement,-0.9355372278361679,-0.14439642372648664
10403,37,Graduation,Together,16531.0,43,44,6,0,10,1,1,Low-Engagement,-1.9622590886924258,0.05788692617193114
5074,29,Master,Married,28072.0,10,47,4,0,8,1,1,Low-Engagement,-1.8547212197179521,-0.5045211933262131
10524,52,Master,Divorced,49476.0,29,795,18,0,4,1,2,Established Value,0.25089652138926855,-1.0397851028663052
4690,62,Graduation,Married,50725.0,45,586,17,0,16,1,3,Digital-Engaged,0.20102379779299398,1.8211609590490772
7521,63,Graduation,Together,83844.0,57,1574,19,1,5,0,2,Established Value,2.771333414755591,-1.4973015040144437
7196,65,PhD,Married,41145.0,20,13,3,0,3,2,1,Low-Engagement,-2.1548930410031075,-1.25822208987278
4406,45,Graduation,Together,67419.0,29,1471,21,0,14,1,3,Digital-Engaged,1.643857134182361,1.4560622086726267
9672,45,2n Cycle,Married,23162.0,82,65,5,0,7,2,1,Low-Engagement,-2.3352326608735443,-0.21817748935244052
4864,38,Graduation,Married,34380.0,68,175,8,0,12,1,1,Low-Engagement,-1.2436603353507731,0.5388223016082015
4706,49,Graduation,Single,34704.0,65,40,4,0,6,1,1,Low-Engagement,-1.7237634400551183,-1.0681047956821095
4070,46,PhD,Married,94871.0,99,1078,17,2,15,2,0,Premium High-Value,2.1730543025047298,1.823462849350961
25,57,Graduation,Married,65148.0,9,1115,19,0,10,1,3,Digital-Engaged,1.06964974513697,0.432554762671149
3697,61,Graduation,Together,39898.0,20,134,7,0,10,1,1,Low-Engagement,-1.252630373658887,0.04678543156411409
217,59,Master,Single,64857.0,78,1540,22,0,11,0,2,Established Value,2.1188580317324592,0.17037427558399845
4220,45,PhD,Married,59892.0,26,87,6,0,5,1,1,Low-Engagement,-0.955783977578336,-1.275476830051054
5286,28,Master,Single,41020.0,68,217,9,0,6,0,1,Low-Engagement,-0.6214677835985387,-1.4556634814958953
9559,54,PhD,Married,57072.0,79,1034,25,1,12,1,3,Digital-Engaged,1.7236548779132759,1.0329356211996443
2849,36,Graduation,Single,60474.0,25,1180,24,0,17,1,3,Digital-Engaged,1.4682886533897894,2.3191144361119824
7787,55,Graduation,Together,62807.0,83,819,20,0,10,1,3,Digital-Engaged,0.8269057458501992,0.39777346591972423
3102,34,2n Cycle,Together,19414.0,32,32,4,0,9,1,1,Low-Engagement,-2.059079368705653,-0.2569786819348847
5868,35,Graduation,Married,19107.0,49,46,4,0,8,1,1,Low-Engagement,-2.0663769540074877,-0.5166131130593923
8370,39,2n Cycle,Together,75484.0,50,1159,16,0,11,1,3,Digital-Engaged,1.1683416205322805,0.49190294943611357
9988,39,Master,Single,70379.0,84,860,22,0,10,1,3,Digital-Engaged,1.1853714477359956,0.44740949890336035
2939,45,Master,Together,79419.0,96,1631,14,0,6,0,2,Established Value,1.9222904269647094,-1.4037135981594966
5529,69,PhD,Together,64014.0,56,444,15,1,15,3,3,Digital-Engaged,-0.1800435878984757,2.492255727307628
9743,60,Graduation,Married,76998.0,85,1910,27,1,17,1,3,Digital-Engaged,3.2016991564060966,2.2650469646606832
5763,43,Master,Together,49854.0,63,380,13,0,12,1,3,Digital-Engaged,-0.3396565306153639,0.6824107826889443
3478,44,PhD,Married,60585.0,17,736,20,0,12,2,3,Digital-Engaged,0.2772516342338073,1.509005232295267
7494,65,PhD,Divorced,42873.0,11,269,11,0,14,2,1,Low-Engagement,-1.1665693428390014,1.7200916924742073
1763,27,Graduation,Together,87679.0,62,2524,28,3,11,0,0,Premium High-Value,5.003513932046872,0.16348697575369778
7250,37,Graduation,Together,57867.0,48,612,18,0,13,1,3,Digital-Engaged,0.4224296882800326,1.103005047235634
2005,25,Graduation,Married,35765.0,86,75,6,0,8,1,1,Low-Engagement,-1.4955895495419755,-0.5320813267634278
10770,56,Graduation,Married,65492.0,73,1045,24,0,6,0,2,Established Value,1.756049154592112,-0.9749787202306929
6885,38,Graduation,Divorced,32952.0,36,55,5,0,9,1,1,Low-Engagement,-1.6425804057653786,-0.26594385995468095
2072,46,PhD,Together,53374.0,34,1064,15,1,13,1,3,Digital-Engaged,0.9734081924079623,0.9656638580753392
9463,56,Graduation,Together,71706.0,16,1443,21,0,14,1,3,Digital-Engaged,1.720241120796895,1.4557582279497079
6318,27,Graduation,Married,68487.0,48,1366,29,0,13,0,3,Digital-Engaged,2.56358436792389,0.9325131344163379
4093,40,Master,Together,53253.0,61,436,12,0,9,2,1,Low-Engagement,-0.7641361036146871,0.4586652078391183
5751,42,2n Cycle,Divorced,31163.0,54,38,4,0,7,1,1,Low-Engagement,-1.7975159282717623,-0.8025448651128205
3340,38,Graduation,Married,42014.0,56,436,14,0,15,1,3,Digital-Engaged,-0.3653935877260666,1.4813990348607047
3594,42,Master,Married,54108.0,74,747,19,0,16,2,3,Digital-Engaged,0.12715227710485721,2.407517066904054
3584,60,PhD,Single,49667.0,35,1396,20,1,13,0,3,Digital-Engaged,1.9733425374359996,0.612910578670557
3643,41,Master,Married,63206.0,65,928,13,1,6,0,2,Established Value,1.2929123833803589,-1.4262370519576522
851,43,Master,Married,57136.0,48,642,17,0,11,2,3,Digital-Engaged,-0.10986084417652525,1.1330928142988523
7706,40,2n Cycle,Together,46772.0,88,1048,24,1,19,1,3,Digital-Engaged,1.522060542783998,2.7224805800079896
3967,44,PhD,Married,78931.0,19,943,23,0,3,0,2,Established Value,1.867565035102155,-1.7294595009090332
10128,57,Graduation,Together,53977.0,21,907,22,0,10,1,3,Digital-Engaged,0.8250599133354439,0.5631798473750038
486,27,Graduation,Married,84219.0,27,1198,17,0,4,0,2,Established Value,1.820752215754118,-1.7289531555107076
9,40,Master,Single,46098.0,86,120,7,0,11,2,1,Low-Engagement,-1.5358520539191185,0.754346080188969
9451,50,Graduation,Married,73538.0,92,1658,23,0,17,1,3,Digital-Engaged,2.1498766961026265,2.1784786991943554
9264,29,Graduation,Married,79529.0,1,1638,21,0,6,0,2,Established Value,2.4072927925212215,-1.0489512229472049
3865,38,2n Cycle,Together,20981.0,14,73,6,0,11,0,1,Low-Engagement,-1.3755552430684959,-0.23363880541726703
2853,35,Graduation,Single,51766.0,74,275,10,0,9,1,1,Low-Engagement,-0.6393849878250064,-0.17650915479626486
1490,53,Graduation,Married,55759.0,84,854,21,0,18,1,3,Digital-Engaged,0.8753955399107438,2.4026884938890722
6310,37,Graduation,Married,33039.0,4,78,6,0,7,1,1,Low-Engagement,-1.583365349558423,-0.6831196046669425
10380,43,Master,Married,37787.0,50,106,6,0,11,1,1,Low-Engagement,-1.3798680796515383,0.228868084087292
3887,45,Graduation,Single,27242.0,2,106,5,0,11,1,1,Low-Engagement,-1.709267562168351,0.27379051754703887
4278,32,PhD,Single,87188.0,73,1923,18,0,13,0,2,Established Value,2.7491956926305776,0.44977491732417196
8643,44,Graduation,Together,69930.0,21,1662,21,0,7,0,2,Established Value,2.21502040835116,-0.7960219097020385
1998,39,Graduation,Single,37697.0,82,84,6,0,8,1,1,Low-Engagement,-1.4415465798654084,-0.5338830867778643
10795,42,PhD,Married,37401.0,14,48,5,0,9,1,1,Low-Engagement,-1.5445976429878652,-0.25731976458483474
11110,42,Graduation,Single,3502.0,56,5,0,0,14,1,1,Low-Engagement,-2.5640288758832512,0.8244335541149515
2408,39,Graduation,Married,58597.0,20,733,20,0,14,2,3,Digital-Engaged,0.25631751422278926,1.998784326042347
202,67,PhD,Widow,82032.0,54,1234,17,0,5,0,2,Established Value,1.8184153171167572,-1.5060277207889372
7998,57,Graduation,Together,28087.0,77,112,6,0,9,2,1,Low-Engagement,-2.076326896291412,0.29573733330834867
830,28,PhD,Single,74004.0,5,1658,14,2,7,0,0,Premium High-Value,2.748694383083687,-1.1701939902497247
3536,55,Graduation,Together,19740.0,65,55,5,0,6,1,1,Low-Engagement,-2.0005578800386226,-0.9847088545916396
6050,40,2n Cycle,Married,57036.0,33,1513,22,1,15,1,3,Digital-Engaged,1.9812086567709795,1.7048405849071722
125,57,2n Cycle,Together,53083.0,65,271,11,1,12,2,3,Digital-Engaged,-0.4769620710111225,1.0865578100593325
3463,40,PhD,Married,69283.0,41,904,23,0,12,1,3,Digital-Engaged,1.2919822843224125,1.0188081873975527
2804,40,Master,Single,46098.0,86,120,7,0,11,2,1,Low-Engagement,-1.5358520539191185,0.754346080188969
3745,27,2n Cycle,Married,23331.0,92,103,6,0,11,1,1,Low-Engagement,-1.7250271397292545,0.23070978072705955
9771,27,2n Cycle,Single,23331.0,97,269,11,0,14,1,1,Low-Engagement,-1.183167430294836,1.1416942213860028
451,26,Graduation,Single,9255.0,91,22,4,0,9,1,1,Low-Engagement,-2.30501736158,-0.2859149877070535
10530,56,PhD,Widow,67786.0,0,1156,15,0,4,0,2,Established Value,1.2449747155283186,-1.7245479988562105
1079,44,PhD,Married,71969.0,59,1086,16,1,11,1,3,Digital-Engaged,1.4840914509821268,0.4328244227803418
8920,48,Master,Single,59235.0,4,1128,25,0,18,1,3,Digital-Engaged,1.4735338144221464,2.6240600655185693
6678,26,Graduation,Together,31928.0,5,72,7,0,10,1,1,Low-Engagement,-1.5018292785978735,0.08615364026664422
3852,54,Master,Together,74881.0,48,964,23,0,14,2,3,Digital-Engaged,1.0678334603078568,2.032720336075221
528,37,Graduation,Married,65819.0,99,1383,19,0,8,0,2,Established Value,1.750902183189502,-0.6963909504470851
73,62,PhD,Single,51411.0,81,18,3,0,5,3,1,Low-Engagement,-2.309295892241777,-0.31458947498513895
5589,51,Graduation,Divorced,51983.0,95,793,21,0,16,1,3,Digital-Engaged,0.7020423964067868,1.9157676442546467
10212,29,Master,Together,42386.0,43,100,6,0,11,1,1,Low-Engagement,-1.2754977565396415,0.22170217063993541
6365,28,2n Cycle,Married,30390.0,5,80,5,0,8,0,1,Low-Engagement,-1.2575896706435286,-1.0204465425961065
5636,52,Graduation,Single,30983.0,50,167,7,0,12,0,1,Low-Engagement,-0.9618302824445053,-0.020227232051044795
591,58,Graduation,Widow,66033.0,76,677,18,0,15,1,3,Digital-Engaged,0.7098661830815309,1.536486774363309
2217,40,2n Cycle,Married,37284.0,46,23,3,0,6,2,1,Low-Engagement,-2.1917376483677287,-0.5426519618330259
2544,64,Master,Divorced,57530.0,68,92,6,0,2,1,1,Low-Engagement,-1.0466487509297737,-2.041114411940483
7725,50,2n Cycle,Married,76800.0,33,641,15,0,5,0,2,Established Value,1.018731698107518,-1.5484831463458077
8091,59,Graduation,Married,63943.0,50,1106,16,0,11,1,3,Digital-Engaged,0.8431952365609742,0.5271037204526278
7321,53,Graduation,Together,76081.0,85,1033,13,1,6,0,2,Established Value,1.699288438735102,-1.4854547457891276
5462,41,Graduation,Married,67445.0,63,1174,27,0,15,1,3,Digital-Engaged,1.815308015633187,1.882399972608979
7791,48,Master,Married,37054.0,89,25,4,0,8,2,1,Low-Engagement,-2.0911645299094235,-0.062321225910842666
955,53,Master,Together,47175.0,81,240,10,1,12,2,1,Low-Engagement,-0.7145846480836666,1.0513343230289125
4037,39,Graduation,Divorced,31859.0,77,20,3,0,8,1,1,Low-Engagement,-1.849142261258674,-0.6218984782129963
6642,54,Graduation,Divorced,27215.0,50,102,7,0,8,3,1,Low-Engagement,-2.497237447560575,0.6704747412515446
2793,39,PhD,Divorced,70179.0,10,1034,23,0,12,1,3,Digital-Engaged,1.4262202916791036,1.049140793742633
5424,32,Graduation,Married,39922.0,30,156,7,0,11,1,1,Low-Engagement,-1.2164693589764632,0.2800847422322031
879,39,Master,Married,49681.0,66,458,15,0,14,2,3,Digital-Engaged,-0.5475587961433183,1.7921848516537149
9530,27,Graduation,Married,24645.0,16,17,3,0,9,1,1,Low-Engagement,-2.018420967601887,-0.2938431898085398
4828,61,Graduation,Divorced,79865.0,12,792,20,0,6,1,2,Established Value,1.145712388436624,-0.556244023119237
10699,30,Graduation,Married,44322.0,30,92,6,0,11,1,1,Low-Engagement,-1.2377325699963213,0.22890435941076506
1497,63,Graduation,Single,47958.0,8,407,14,0,11,1,3,Digital-Engaged,-0.312841823201121,0.5382991024325726
7476,51,Master,Single,63972.0,93,1269,19,1,9,1,2,Established Value,1.6400351126723942,0.048660451996369654
4390,61,Graduation,Together,75315.0,14,841,21,0,7,1,2,Established Value,1.1647678710765248,-0.26344882161421107
10478,65,PhD,Married,55517.0,53,633,18,0,20,2,3,Digital-Engaged,0.0448701887348003,3.3599665850983698
1081,58,PhD,Married,75283.0,26,1019,14,0,10,3,3,Digital-Engaged,-0.004463178381140465,1.3006020235378353
4261,69,PhD,Single,82800.0,23,1315,25,2,10,0,0,Premium High-Value,3.465624375814892,-0.08425665305678036
9916,61,Graduation,Married,38998.0,92,54,5,0,10,2,1,Low-Engagement,-1.9191040805073523,0.4524597395064158
5350,24,Master,Single,90638.0,29,2525,17,1,4,0,2,Established Value,3.2722164075975555,-1.8007671224279904
8135,29,Master,Married,27161.0,41,52,4,0,8,1,1,Low-Engagement,-1.8682610813538243,-0.5333367180131885
8685,38,Graduation,Married,42014.0,56,436,14,0,15,1,3,Digital-Engaged,-0.3653935877260666,1.4813990348607047
4967,55,PhD,Together,38201.0,19,268,11,0,13,1,1,Low-Engagement,-0.8507551857253745,0.9319736605166169
2130,33,Graduation,Together,45203.0,4,147,7,0,9,2,1,Low-Engagement,-1.5726619508360993,0.35453499000143945
9298,68,PhD,Together,81574.0,89,1798,17,2,5,0,0,Premium High-Value,3.2468189725096974,-1.6542050599880032
8175,23,Graduation,Married,34935.0,71,137,7,0,9,0,1,Low-Engagement,-0.934832616029803,-0.7843497836277611
6257,39,Master,Single,60482.0,81,507,16,0,14,1,3,Digital-Engaged,0.27048970593501326,1.229687899192393
3790,59,Graduation,Together,34633.0,31,15,3,0,7,3,1,Low-Engagement,-2.69265619067815,0.2752267204226943
9952,68,Master,Together,78093.0,53,1105,16,0,5,0,2,Established Value,1.538143744739385,-1.5310421384658184
3503,65,Graduation,Divorced,82460.0,78,974,14,0,6,0,2,Established Value,1.4040291427631786,-1.4018947219749793
5223,49,Master,Together,45903.0,80,66,6,0,6,1,1,Low-Engagement,-1.2897439442879726,-1.0441896742041938
4608,28,Graduation,Divorced,81361.0,18,778,26,0,4,0,2,Established Value,2.00167665545324,-1.383881207120908
1626,42,PhD,Divorced,35860.0,37,49,4,1,6,2,1,Low-Engagement,-1.6694565881660235,-0.5518884454777067
4764,63,Master,Together,40442.0,52,169,8,0,10,2,1,Low-Engagement,-1.577120675728751,0.6006601346755671
2471,50,Graduation,Married,61482.0,39,299,11,0,5,0,2,Established Value,0.06546813628029534,-1.6582271666346362
5892,35,Graduation,Married,34968.0,11,221,10,0,10,1,1,Low-Engagement,-1.0851918547004338,0.1827466049245124
2612,28,Graduation,Married,75794.0,33,1682,24,1,10,0,2,Established Value,3.093100722856473,-0.0456278015010497
4971,53,PhD,Together,31497.0,22,155,8,0,11,1,1,Low-Engagement,-1.3513194815577398,0.3512140608180018
5185,60,Graduation,Married,74268.0,83,892,12,0,6,0,2,Established Value,0.9946362681125245,-1.4561896769504703
10069,27,Basic,Together,13724.0,43,58,4,1,11,1,1,Low-Engagement,-1.6774206816381692,0.17643509926279083
2262,50,Master,Together,45143.0,74,311,12,0,13,1,3,Digital-Engaged,-0.5685880539906714,0.8915325012895825
1131,48,PhD,Single,52569.0,54,95,6,0,5,1,1,Low-Engagement,-1.1212512429658728,-1.281314736277227
1041,42,PhD,Single,48432.0,3,424,14,0,15,1,3,Digital-Engaged,-0.22842070241221588,1.5155587623306597
24,55,Master,Together,17144.0,96,47,7,0,10,2,1,Low-Engagement,-2.311149457081223,0.5897288968077329
3409,31,Graduation,Single,36108.0,68,339,12,1,16,1,3,Digital-Engaged,-0.2531331563729409,1.5960765242066304
7022,44,Graduation,Married,76445.0,2,1410,20,0,8,1,2,Established Value,1.6455711241977609,-0.04196983077259078
7943,40,PhD,Married,36663.0,40,35,5,0,3,1,1,Low-Engagement,-1.6583478141031482,-1.7419036501722225
5272,50,Master,Married,53843.0,64,562,16,0,15,1,3,Digital-Engaged,0.17257538130873679,1.5116071681241419
5453,59,Master,Married,90226.0,26,2352,23,1,6,0,2,Established Value,3.709417761412253,-1.0886497289452124
2565,60,Master,Divorced,70638.0,69,1334,19,1,7,0,2,Established Value,2.269153342916793,-0.9845288473888226
800,55,Graduation,Together,44512.0,57,32,4,0,5,2,1,Low-Engagement,-1.953302410253757,-0.782722828985488
11092,54,Graduation,Married,27116.0,78,41,5,0,9,2,1,Low-Engagement,-2.232941499631751,0.2601088756035601
5062,52,PhD,Married,54072.0,71,39,4,0,10,2,1,Low-Engagement,-1.6422991771741549,0.39019303321928217
8969,38,Graduation,Married,71855.0,59,1141,21,0,8,1,2,Established Value,1.3708054974295518,-0.052104240580170186
4656,25,2n Cycle,Single,51250.0,28,710,19,1,19,1,3,Digital-Engaged,0.9705801386072584,2.582045877405994
4480,42,Master,Married,60432.0,61,401,14,0,13,1,3,Digital-Engaged,0.017693460429354907,0.9320924214349989
9971,51,PhD,Married,65526.0,22,506,16,0,6,1,2,Established Value,0.26671781006290546,-0.6725025809354208
6729,27,Graduation,Single,68655.0,95,1538,20,0,7,0,2,Established Value,2.0127280359098743,-0.9059199389614014
1773,37,2n Cycle,Married,12393.0,38,57,5,0,11,0,1,Low-Engagement,-1.6631903670614026,-0.26856980083654275
9242,25,Graduation,Single,64509.0,19,1722,18,1,10,0,2,Established Value,2.4374640381779793,-0.2169510926796739
1764,40,Graduation,Single,33955.0,92,270,11,0,13,1,1,Low-Engagement,-0.9419377071799122,0.870523759257175
6215,38,Graduation,Married,31353.0,24,31,4,0,9,2,1,Low-Engagement,-2.2164793396547977,0.26523123914637675
10099,31,Graduation,Married,55434.0,21,882,21,0,9,1,3,Digital-Engaged,0.7533747123502281,0.27818986786425626
5423,32,Graduation,Together,28359.0,35,16,3,0,8,1,1,Low-Engagement,-1.9421931163457342,-0.5681512558155756
940,28,Graduation,Single,57100.0,9,311,12,0,6,1,1,Low-Engagement,-0.3913230457606574,-0.7825856465073847
3011,50,Graduation,Married,69139.0,23,227,10,0,8,1,1,Low-Engagement,-0.28552074645827213,-0.4221058145110675
3298,59,Master,Married,52973.0,92,1152,24,0,17,1,3,Digital-Engaged,1.2711518682254794,2.273562879620535
8286,50,PhD,Together,51717.0,55,122,7,1,10,1,1,Low-Engagement,-0.5100563086557476,-0.08574755992525426
9668,44,Graduation,Married,18793.0,14,77,6,0,10,1,1,Low-Engagement,-1.8818939638585583,0.08088338858175599
5120,33,2n Cycle,Together,66664.0,78,1289,18,0,8,0,2,Established Value,1.6145856211973335,-0.7154070733688991
6097,56,Graduation,Single,50664.0,64,561,15,0,17,2,3,Digital-Engaged,-0.38799860373375206,2.5223782148220883
7019,52,Graduation,Together,54414.0,49,211,9,0,7,2,1,Low-Engagement,-1.1778239744193608,-0.13236072828427237
7408,63,PhD,Married,54549.0,8,233,10,0,12,1,1,Low-Engagement,-0.5745842642984796,0.611957664509638
8041,44,PhD,Widow,47111.0,35,1092,15,0,12,1,3,Digital-Engaged,0.3687494513192944,0.8009829324916264
252,52,PhD,Divorced,41003.0,11,601,16,0,12,0,3,Digital-Engaged,0.29092026374740854,0.3248963494591982
9986,33,Graduation,Together,19444.0,8,54,7,0,11,1,1,Low-Engagement,-1.8032968984189262,0.3649498661584551
3276,39,2n Cycle,Together,36301.0,53,78,6,0,10,1,1,Low-Engagement,-1.454946442847352,-0.013255361460358708
3859,68,PhD,Together,73059.0,36,1095,25,0,13,1,3,Digital-Engaged,1.7074924131214877,1.3313384748435007
3570,46,PhD,Together,42731.0,64,244,10,0,9,1,1,Low-Engagement,-0.8857762899066178,-0.1386136270336478
3783,56,PhD,Married,52854.0,43,116,7,0,7,2,1,Low-Engagement,-1.4407217244955137,-0.19611075656409283
10207,37,Graduation,Together,22775.0,40,15,3,0,9,1,1,Low-Engagement,-2.0621853017117493,-0.31260523474327667
10906,67,PhD,Together,46681.0,52,425,14,0,9,2,1,Low-Engagement,-0.7937904367851805,0.561806358737551
3427,60,PhD,Married,59821.0,11,734,20,0,19,1,3,Digital-Engaged,0.8012233540404217,2.6699385698971496
5209,61,Graduation,Divorced,50002.0,21,638,17,0,15,1,3,Digital-Engaged,0.21264947975514548,1.6051482017307623
10711,70,Graduation,Married,69755.0,23,894,21,0,4,0,2,Established Value,1.4785691826974845,-1.5359641134292183
10785,46,Graduation,Married,44078.0,17,41,5,0,7,2,1,Low-Engagement,-1.8617762652089784,-0.21682483777041262
2814,39,Master,Together,30560.0,6,31,4,0,8,1,1,Low-Engagement,-1.8097219608791952,-0.5083189316904853
6866,46,Master,Together,35924.0,56,34,4,0,6,2,1,Low-Engagement,-2.143618844420529,-0.5116971099149583
1665,51,PhD,Divorced,64140.0,71,1750,13,3,7,2,0,Premium High-Value,2.11173343359076,-0.2008046601522271
6575,34,Graduation,Together,56386.0,51,612,17,0,18,2,3,Digital-Engaged,-0.05222398768940962,2.835529826422128
3829,36,Basic,Together,24594.0,94,29,4,0,6,1,1,Low-Engagement,-1.973184602086564,-1.066532121173543
3091,34,2n Cycle,Together,75774.0,27,823,20,0,11,1,3,Digital-Engaged,1.1499870011633293,0.658230177615115
10141,55,Master,Divorced,39228.0,1,20,3,0,4,0,1,Low-Engagement,-1.2971282439250111,-2.091526758657616
5177,41,Master,Married,58494.0,56,396,14,0,12,1,3,Digital-Engaged,-0.04863696702485231,0.6997998994956037
7005,34,Graduation,Single,58684.0,71,813,20,1,7,0,2,Established Value,1.5843667091903897,-0.9183477035216526
6409,48,Graduation,Divorced,57136.0,18,1179,19,0,13,0,3,Digital-Engaged,1.421935214259761,0.6279086418398289
7485,65,PhD,Widow,56551.0,48,138,7,0,6,2,1,Low-Engagement,-1.3460350102101815,-0.45580208147894635
8079,33,Graduation,Married,22448.0,86,55,6,0,5,1,1,Low-Engagement,-1.8776670981692272,-1.2210892908019435
8395,54,Graduation,Single,82014.0,48,1511,21,0,9,0,2,Established Value,2.402884796473359,-0.3760168614041226
10352,52,Graduation,Widow,34213.0,2,117,6,0,12,2,1,Low-Engagement,-1.890093167210106,1.0835540732151816
4931,38,Graduation,Together,157146.0,13,1730,28,0,1,0,2,Established Value,3.2654986422981715,-2.065399738022213
13,68,PhD,Widow,25358.0,57,32,4,0,7,1,1,Low-Engagement,-1.942159477597822,-0.7876813940123278
1834,37,Master,Single,35544.0,77,67,5,0,9,1,1,Low-Engagement,-1.5643231910127902,-0.31576666479808135
2285,61,Master,Together,36634.0,0,335,12,0,12,1,1,Low-Engagement,-0.7756388751275278,0.7504716456709797
2295,61,PhD,Married,62670.0,57,825,21,0,8,1,2,Established Value,0.8662410308032263,-0.025027398932978142
1378,43,2n Cycle,Together,50334.0,24,694,17,0,13,1,3,Digital-Engaged,0.24202829122140973,1.114945836301381
2781,34,Graduation,Single,72066.0,55,1792,16,2,6,0,0,Premium High-Value,2.9533417779999733,-1.3835182841333977
1165,57,PhD,Single,50729.0,62,496,15,0,12,2,3,Digital-Engaged,-0.5179762842660047,1.3067234943301014
1404,47,Graduation,Together,34916.0,89,231,9,0,14,2,1,Low-Engagement,-1.5216911924522754,1.5909128579867622
6457,39,Graduation,Divorced,64892.0,77,902,22,0,10,1,3,Digital-Engaged,1.0901655548950235,0.47203394110584007
2639,49,Graduation,Single,43602.0,45,68,6,0,9,2,1,Low-Engagement,-1.7465849322970606,0.2798767382513935
8299,26,PhD,Single,33996.0,46,71,5,0,5,0,1,Low-Engagement,-1.2175735722691494,-1.8037155587890044
6437,30,2n Cycle,Single,41473.0,80,76,5,0,9,1,1,Low-Engagement,-1.4132535871419711,-0.33711622273803865
6912,48,PhD,Married,63246.0,60,772,21,0,10,2,3,Digital-Engaged,0.41945479933679,1.007312029378485
7327,56,PhD,Married,36732.0,71,47,6,0,3,2,1,Low-Engagement,-2.0150146393313544,-1.185784556219169
5299,45,PhD,Married,69084.0,43,1586,23,0,15,1,3,Digital-Engaged,1.942819884166794,1.7548834393404085
4127,48,PhD,Married,77766.0,97,1529,32,1,17,1,3,Digital-Engaged,3.228597111147999,2.4304612506013674
8143,30,PhD,Single,37929.0,49,265,11,2,11,0,0,Premium High-Value,0.48653911642814696,-0.2556143648949551
1964,64,Graduation,Together,86610.0,66,1603,17,0,7,0,2,Established Value,2.2901410295020628,-1.0417530691267018
3690,29,Master,Married,80141.0,20,2091,21,1,13,0,2,Established Value,3.3974581895109086,0.5781879999705583
3433,60,2n Cycle,Married,72635.0,54,981,20,1,9,0,2,Established Value,2.0976775769520115,-0.45567031767394006
3389,45,Graduation,Married,69016.0,61,1533,30,0,13,1,3,Digital-Engaged,2.3547174271358045,1.5072976988684654
4712,24,2n Cycle,Together,20193.0,18,82,6,0,5,0,1,Low-Engagement,-1.4735411373077798,-1.6953353994772717
1170,40,Graduation,Married,27573.0,45,244,10,0,13,1,1,Low-Engagement,-1.194385502462886,0.9012349129345016
6347,36,Basic,Single,15862.0,26,36,4,0,9,1,1,Low-Engagement,-2.1416890611060055,-0.23978924279276348
4065,39,PhD,Married,49544.0,0,404,14,0,12,1,3,Digital-Engaged,-0.26378420253087626,0.7848868133684599
8230,35,Graduation,Married,33228.0,28,71,5,0,9,1,1,Low-Engagement,-1.6225975131050938,-0.2584460523687987
1215,37,Graduation,Together,70440.0,49,1572,22,1,8,0,2,Established Value,2.699047111018875,-0.6069881097145977
5939,44,Graduation,Together,38232.0,84,122,7,0,8,2,1,Low-Engagement,-1.767328312483578,0.05072397444095044
2156,60,PhD,Married,22554.0,38,41,6,0,7,2,1,Low-Engagement,-2.30718734763881,-0.13472596485209487
7788,32,PhD,Married,23536.0,53,10,3,0,3,1,1,Low-Engagement,-2.1316444212146544,-1.7884252227502977
10323,63,Graduation,Married,49413.0,88,304,11,0,9,1,1,Low-Engagement,-0.5985096512833306,-0.14636940896770537
7947,46,Graduation,Married,42231.0,99,37,4,0,6,2,1,Low-Engagement,-1.9838166448727579,-0.5751795637359909
1891,35,Master,Divorced,78789.0,12,1754,15,0,6,0,2,Established Value,2.0766061188487623,-1.277696869460168
2570,47,Graduation,Together,56534.0,35,815,21,2,18,1,3,Digital-Engaged,1.7821866431347249,2.3300011322973404
9256,44,Graduation,Single,58350.0,5,1001,23,0,14,1,3,Digital-Engaged,1.140654227651809,1.5772801937903456
295,26,Graduation,Single,81217.0,77,1157,21,0,4,0,2,Established Value,1.9969064141633404,-1.6238416080678633
7397,64,Graduation,Single,49090.0,45,688,18,0,14,1,3,Digital-Engaged,0.29367408866155753,1.3774675639226064
6349,28,Master,Divorced,61787.0,71,1319,18,0,13,0,3,Digital-Engaged,1.5962951196283564,0.523985539982979
10790,30,PhD,Married,18169.0,40,21,3,0,9,1,1,Low-Engagement,-2.1676025416333453,-0.2982608725401515
10398,34,2n Cycle,Single,24336.0,82,31,3,0,8,1,1,Low-Engagement,-2.0196169436535247,-0.6035686577603553
2431,25,Graduation,Married,18222.0,70,67,5,0,10,0,1,Low-Engagement,-1.5245904265044936,-0.5626058305591126
550,63,Graduation,Divorced,62335.0,87,708,19,0,5,1,2,Established Value,0.5737992115450988,-0.8596947835227413
1890,44,2n Cycle,Together,42033.0,95,25,3,0,8,2,1,Low-Engagement,-2.040355910335616,-0.12073375093696605
10742,32,PhD,Married,86580.0,72,746,11,1,5,0,2,Established Value,1.538818931072015,-1.8248814618271898
10356,58,PhD,Divorced,41437.0,5,32,4,0,8,2,1,Low-Engagement,-1.9899964154084642,0.010048320559985714
4676,64,Master,Widow,73705.0,86,1695,23,0,14,2,3,Digital-Engaged,1.699825785202807,2.005478040737654
8852,39,Graduation,Married,61064.0,80,1080,23,0,14,1,3,Digital-Engaged,1.2861944321069179,1.4930476737253573
3565,60,Master,Married,38452.0,62,72,6,0,10,2,1,Low-Engagement,-1.8501474992329108,0.521863076179933
5294,26,Graduation,Single,18358.0,49,57,7,0,10,1,1,Low-Engagement,-1.8361853378337756,0.08307315593477803
1958,42,PhD,Together,55012.0,85,660,19,0,13,1,3,Digital-Engaged,0.47115391351114655,1.111392977948621
7349,42,Basic,Together,9722.0,7,103,7,0,11,1,1,Low-Engagement,-1.9933458413321508,0.396645075733837
8799,31,PhD,Married,38175.0,6,153,8,0,10,1,1,Low-Engagement,-1.2090818014999765,0.10349018295592789
1351,59,Master,Together,58656.0,25,1220,28,1,13,1,3,Digital-Engaged,2.145517500765317,1.4391469052902612
1045,50,Graduation,Together,52117.0,55,279,11,0,12,1,1,Low-Engagement,-0.5162231671960844,0.6087885459110495
7732,37,Graduation,Married,64813.0,81,745,19,0,12,1,3,Digital-Engaged,0.7680374033583514,0.8426665230201336
8070,42,PhD,Married,54222.0,98,264,11,0,6,1,1,Low-Engagement,-0.5612446729263957,-0.9020113489082465
477,29,Graduation,Married,83512.0,31,2157,21,4,5,0,0,Premium High-Value,4.788415978648093,-1.5699271551003906
7832,56,Master,Married,77520.0,30,1526,22,3,12,1,0,Premium High-Value,3.3707028454343364,0.7945160194223906
2202,37,Graduation,Together,41154.0,98,69,5,0,6,1,1,Low-Engagement,-1.468746763524732,-1.0846805794605867
7396,49,Graduation,Married,80398.0,92,1597,25,1,8,0,2,Established Value,3.175546246811213,-0.5710208316392943
4055,23,Basic,Single,18746.0,41,64,6,0,9,1,1,Low-Engagement,-1.9058939813097526,-0.19007510728359805
10340,31,Graduation,Together,35196.0,68,497,12,0,14,1,3,Digital-Engaged,-0.6272239518182177,1.1738875487921678
10091,59,Graduation,Single,60230.0,78,1067,15,0,11,1,3,Digital-Engaged,0.6527057203190179,0.47271968473052506
7629,38,Graduation,Married,22108.0,46,31,5,0,9,2,1,Low-Engagement,-2.366392749746517,0.3082417449225879
10640,41,Graduation,Together,44392.0,71,211,9,0,11,2,1,Low-Engagement,-1.357740679227016,0.8496476659590154
3498,39,PhD,Married,55424.0,6,877,21,1,13,1,3,Digital-Engaged,1.2698053759587888,1.2069556476808199
6742,36,Graduation,Married,17688.0,82,11,3,0,9,1,1,Low-Engagement,-2.181075705814473,-0.33979736480834866
1172,32,PhD,Married,92491.0,71,2034,24,3,10,0,0,Premium High-Value,4.744438144034598,-0.2523636755324034
569,24,Graduation,Single,90273.0,32,1991,18,3,7,0,0,Premium High-Value,4.185540732026689,-1.1572137456313676
4686,53,PhD,Widow,82571.0,28,1686,24,1,8,0,2,Established Value,3.2298802829654067,-0.548197535967831
1381,33,PhD,Single,38513.0,20,324,12,0,14,1,3,Digital-Engaged,-0.7085923398749524,1.2107948814482024
2634,36,Master,Single,16653.0,10,69,6,0,8,1,1,Low-Engagement,-1.9702487293200703,-0.39519597639232346
10905,60,Graduation,Together,42586.0,7,252,11,0,12,2,1,Low-Engagement,-1.2184206672392466,1.2381698266521486
1744,50,Basic,Single,23529.0,67,54,4,0,7,1,1,Low-Engagement,-1.9651730216678158,-0.791995609742789
1000,54,Master,Together,74881.0,48,964,23,0,14,2,3,Digital-Engaged,1.0678334603078568,2.032720336075221
3828,64,Graduation,Married,71107.0,61,1327,26,0,11,1,3,Digital-Engaged,1.9122301657839862,0.8644841070676952
8605,51,PhD,Together,46910.0,36,68,5,0,8,2,1,Low-Engagement,-1.7524554164376187,-0.0013776402220571182
10304,56,Graduation,Married,18690.0,77,60,4,0,9,0,1,Low-Engagement,-1.6030463611954915,-0.8514904942850661
4351,60,Graduation,Divorced,37244.0,90,55,4,1,8,2,1,Low-Engagement,-1.5949312002304163,-0.12358443772296614
10129,49,Graduation,Together,82427.0,35,1456,20,1,4,0,2,Established Value,2.683785844052953,-1.6782165939437461
2499,57,2n Cycle,Single,75342.0,38,563,17,0,9,1,3,Digital-Engaged,0.6694803522457673,0.04824638971271388
10092,61,Graduation,Divorced,70044.0,46,1504,22,0,12,1,3,Digital-Engaged,1.7792410010932063,0.9810301367320083
7500,48,Graduation,Single,79146.0,33,564,17,0,14,2,3,Digital-Engaged,0.3915649887002898,1.8094200740817215
5796,52,Graduation,Married,77437.0,70,1125,22,1,5,0,2,Established Value,2.4253547438253786,-1.3850928870522048
10556,56,Graduation,Married,54984.0,51,358,13,1,13,1,3,Digital-Engaged,0.24174766904067246,0.8619157850600558
1064,44,PhD,Married,42403.0,18,42,4,0,9,1,1,Low-Engagement,-1.4988671645705807,-0.31382416556641146
48,51,Graduation,Together,55761.0,97,184,8,1,10,1,1,Low-Engagement,-0.28219438997661184,-0.10370659128315309
7610,32,Graduation,Together,37292.0,32,460,14,0,14,1,3,Digital-Engaged,-0.47507264622069234,1.277478518242912
263,70,PhD,Single,45576.0,9,145,7,0,11,0,1,Low-Engagement,-0.6502690213821811,-0.26714635152216626
10814,68,Graduation,Together,70321.0,6,1376,24,0,10,0,2,Established Value,2.2190230155408517,0.055588860204482754
9710,46,PhD,Divorced,58086.0,80,792,21,0,19,1,3,Digital-Engaged,0.889872728837144,2.6422467715347167
9292,63,Graduation,Married,81795.0,74,1382,22,0,6,0,2,Established Value,2.3111143074450697,-1.0965565027611588
10250,68,Basic,Together,28389.0,49,28,3,0,8,0,1,Low-Engagement,-1.4862609570837089,-1.1334806548047043
7881,69,Master,Married,66835.0,21,1033,23,0,8,0,2,Established Value,1.7305545324903273,-0.47623529787600605
5847,46,Graduation,Divorced,69901.0,95,882,20,0,12,1,3,Digital-Engaged,1.0847536709295829,0.8509149819540834
737,66,PhD,Married,80360.0,56,2231,13,3,6,0,0,Premium High-Value,3.7079804825703837,-1.5771215773316665
3571,54,PhD,Together,63342.0,48,1101,16,1,14,1,3,Digital-Engaged,1.33244039419235,1.2010525597369905
7807,41,Graduation,Married,44989.0,26,369,11,0,11,1,1,Low-Engagement,-0.6252218531345837,0.4181577531957664
3878,35,2n Cycle,Single,31859.0,3,48,4,0,8,1,1,Low-Engagement,-1.763606479153882,-0.5090935834002545
5092,66,PhD,Widow,51569.0,39,467,15,1,15,1,3,Digital-Engaged,0.42446768302039756,1.4463602971041767
2154,44,Graduation,Widow,30372.0,33,44,5,0,9,2,1,Low-Engagement,-2.1575757035388525,0.29605533686506563
5394,36,Basic,Single,16014.0,42,38,6,0,4,2,1,Low-Engagement,-2.5104972260992477,-0.8486476081300116
3798,47,Graduation,Married,41120.0,80,81,6,0,8,2,1,Low-Engagement,-1.8048399408874063,0.008571037622119738
3524,44,Master,Single,39763.0,9,167,8,0,14,1,1,Low-Engagement,-1.099549499611697,1.069084525068214
5247,60,PhD,Married,38725.0,52,45,5,0,5,2,1,Low-Engagement,-2.011764488886728,-0.7226862144015145
5883,43,Graduation,Married,77981.0,78,664,18,0,12,1,3,Digital-Engaged,0.9420680433764451,0.7671865664843581
2118,51,2n Cycle,Married,62905.0,68,622,17,0,11,1,3,Digital-Engaged,0.45618091157565316,0.5434890755237414
8812,36,2n Cycle,Divorced,13533.0,45,48,5,0,9,1,1,Low-Engagement,-2.114853343676096,-0.21502104621554222
6616,40,Graduation,Together,59481.0,47,461,14,0,5,1,1,Low-Engagement,-0.06994014015672542,-0.9968562162454848
2797,38,Graduation,Married,72117.0,34,1073,25,0,14,1,3,Digital-Engaged,1.67945392189051,1.579421880889301
4328,29,2n Cycle,Married,21955.0,81,55,6,0,8,1,1,Low-Engagement,-1.846352209864866,-0.48437501902899155
9167,59,Graduation,Married,67131.0,72,976,23,0,15,1,3,Digital-Engaged,1.3524727625518844,1.7246436805613439
10560,35,PhD,Single,36802.0,23,20,4,0,6,1,1,Low-Engagement,-1.696501759981984,-1.0318861541763802
2631,33,Graduation,Together,71853.0,29,1149,16,0,3,0,2,Established Value,1.3952832374198518,-1.9733968470435395
8312,54,Basic,Married,28249.0,80,43,5,0,8,0,1,Low-Engagement,-1.33285785891179,-1.0908917475724418
5534,40,Master,Married,47808.0,30,224,8,1,10,1,1,Low-Engagement,-0.44604381295483697,-0.010115564140444918
5093,41,PhD,Divorced,25509.0,15,101,6,0,12,1,1,Low-Engagement,-1.6694919951918252,0.5460182218840671
7592,69,PhD,Married,51012.0,86,209,9,0,10,0,1,Low-Engagement,-0.327622260094643,-0.531697813836501
8895,30,Graduation,Single,70596.0,68,968,20,0,5,0,2,Established Value,1.515691380325071,-1.3772577029675293
8584,63,PhD,Together,85431.0,54,1165,16,0,2,0,2,Established Value,1.7247877596684835,-2.284233347620869
2694,48,Graduation,Married,42664.0,44,24,4,0,7,1,1,Low-Engagement,-1.5346679110543577,-0.8281275502888894
8910,60,Graduation,Together,42586.0,7,252,11,0,12,2,1,Low-Engagement,-1.2184206672392466,1.2381698266521486
7433,30,Graduation,Single,29760.0,87,165,8,0,11,1,1,Low-Engagement,-1.3759780107016342,0.2902523262299449
164,38,PhD,Married,28973.0,59,269,11,0,13,0,1,Low-Engagement,-0.6241257848308333,0.36864283925215124
10477,42,PhD,Together,39435.0,16,102,6,0,10,1,1,Low-Engagement,-1.3626799335104631,0.015118926685064324
2681,31,2n Cycle,Married,65370.0,1,461,18,0,3,0,2,Established Value,0.7582968952683081,-1.858480832790475
5150,36,Basic,Single,20194.0,64,47,5,0,8,1,1,Low-Engagement,-1.9677352099306509,-0.49846507011813174
5283,39,PhD,Single,42473.0,72,144,7,0,7,2,1,Low-Engagement,-1.6616892178557021,-0.1932731240179718
9645,47,Graduation,Married,64590.0,98,1338,23,0,15,0,3,Digital-Engaged,2.061921991612274,1.1588285111713317
10678,56,Graduation,Together,71232.0,91,917,23,0,18,1,3,Digital-Engaged,1.4444014818606623,2.421936030025652
7261,44,Graduation,Together,34600.0,8,318,12,0,13,2,1,Low-Engagement,-1.266899436229313,1.542824505629245
9648,48,Graduation,Single,46904.0,20,253,10,0,13,2,1,Low-Engagement,-1.1671366629208946,1.4180185930723266
2870,42,Graduation,Married,49094.0,6,502,15,0,12,1,3,Digital-Engaged,-0.11626152373115756,0.8180578633525838
8008,32,Graduation,Together,36075.0,54,119,6,0,8,1,1,Low-Engagement,-1.4526923645876222,-0.49984649069087245
1513,36,2n Cycle,Together,60839.0,72,1250,16,0,10,2,3,Digital-Engaged,0.44312581023093445,0.8234980038746269
6173,36,Graduation,Together,77298.0,46,969,23,0,9,1,2,Established Value,1.4998972631481657,0.25948311456859185
1419,65,Graduation,Together,34026.0,11,76,6,0,7,2,1,Low-Engagement,-2.0032305804067687,-0.1423043072288508
9150,52,PhD,Single,48918.0,21,62,5,0,5,2,1,Low-Engagement,-1.7552173665042268,-0.7224060518632793
7960,53,2n Cycle,Together,82122.0,89,1382,25,1,4,0,2,Established Value,2.9654409689690246,-1.5490721943252672
1250,39,Graduation,Single,37697.0,82,84,6,0,8,1,1,Low-Engagement,-1.4415465798654084,-0.5338830867778643
9905,63,Graduation,Together,34074.0,69,255,9,1,9,2,1,Low-Engagement,-1.1313012825769797,0.3374638790051518
10691,55,Master,Married,28520.0,55,43,4,0,7,2,1,Low-Engagement,-2.2991769473758374,-0.24426564214350066
7002,60,Graduation,Single,62535.0,13,398,13,0,6,1,1,Low-Engagement,-0.11235137090279625,-0.7657336514081826
2952,38,Master,Single,36273.0,80,76,6,0,9,1,1,Low-Engagement,-1.4686253496624253,-0.28415293392324215
8439,51,Graduation,Together,63404.0,97,902,13,1,10,2,3,Digital-Engaged,0.45139315283611636,0.6156885357815008
762,34,2n Cycle,Together,75774.0,27,823,20,0,11,1,3,Digital-Engaged,1.1499870011633293,0.658230177615115
2831,39,Graduation,Together,78416.0,99,1179,24,0,10,1,2,Established Value,1.8060716269075767,0.4843188011007261
6977,41,Graduation,Together,75702.0,87,1921,28,1,16,1,3,Digital-Engaged,3.2357529292482563,2.060624563156274
6289,64,Master,Together,59385.0,85,185,8,0,8,2,1,Low-Engagement,-1.1321572027100169,0.021654535308655458
4168,49,Graduation,Single,37070.0,30,433,14,0,12,2,1,Low-Engagement,-0.9767693606332061,1.3442550480017559
8397,64,Graduation,Married,44689.0,82,34,4,1,8,2,1,Low-Engagement,-1.435676657733284,-0.13871420545151902
9284,57,Graduation,Together,53977.0,21,907,22,0,10,1,3,Digital-Engaged,0.8250599133354439,0.5631798473750038
6237,49,PhD,Single,7144.0,92,416,25,0,23,2,3,Digital-Engaged,-0.7665505879055791,4.4543637347216025
3130,51,Graduation,Single,18701.0,95,44,6,0,7,2,1,Low-Engagement,-2.390027566268743,-0.18102502584555202
1619,59,Graduation,Married,90369.0,2,1588,16,0,5,0,2,Established Value,2.2601651179025426,-1.5116953808870681
1990,41,PhD,Single,63159.0,74,1797,16,1,6,0,2,Established Value,2.2813161780437423,-1.3152981997526503
5513,49,Graduation,Together,37758.0,49,40,4,0,9,2,1,Low-Engagement,-2.0511984253864313,0.2199134025296262
269,52,PhD,Single,46757.0,71,1143,15,0,13,1,3,Digital-Engaged,0.4250860276715036,1.0091877712945387
8093,46,Master,Married,79734.0,72,914,13,1,5,0,2,Established Value,1.6642182790123063,-1.728142539671471
10513,23,Graduation,Together,63207.0,68,1502,11,1,9,0,2,Established Value,1.7124101518226005,-0.7666663418982189
10177,61,Graduation,Divorced,72071.0,4,1338,17,0,7,1,2,Established Value,1.252296207685861,-0.3851256325261186
2549,32,PhD,Together,21840.0,80,27,4,0,10,1,1,Low-Engagement,-1.984580707266888,-0.07027081602942717
5782,33,2n Cycle,Together,58582.0,15,763,20,1,14,1,3,Digital-Engaged,1.1895591753842698,1.3932373693909883
10057,64,Graduation,Single,72282.0,70,1331,21,0,12,0,2,Established Value,2.0539315792222204,0.35977374511016325
10307,59,Graduation,Married,50387.0,91,525,16,0,11,2,3,Digital-Engaged,-0.44144416037747997,1.0719350867385071
8566,54,PhD,Together,32583.0,10,9,3,0,8,2,1,Low-Engagement,-2.289104971666049,-0.0046652718987368995
2415,53,Graduation,Together,62568.0,99,953,13,1,9,1,3,Digital-Engaged,0.9053596425934329,-0.17762063055512192
5684,44,Master,Divorced,44635.0,25,68,5,0,9,2,1,Low-Engagement,-1.7939607235671606,0.2602793659335203
8334,44,Master,Single,33316.0,34,131,7,0,8,2,1,Low-Engagement,-1.8837876476691766,0.11718167292999908
9166,47,Graduation,Married,63967.0,57,882,20,0,6,1,2,Established Value,0.8496386156792516,-0.5519861116037591
1440,37,2n Cycle,Together,52513.0,84,1149,23,0,16,0,3,Digital-Engaged,1.6147698437665938,1.4518809404038906
78,46,Graduation,Married,25293.0,51,37,4,0,9,1,1,Low-Engagement,-1.9107913790454378,-0.29457508972040575
5441,50,PhD,Widow,54111.0,97,388,13,0,10,1,1,Low-Engagement,-0.2550141322733652,0.14782353041791604
5302,29,Graduation,Together,78394.0,13,1428,15,0,6,0,2,Established Value,1.7748948734653396,-1.281045906689658
4687,57,Master,Married,80739.0,92,1633,23,0,4,0,2,Established Value,2.553564798165248,-1.5588248302366883
1087,40,Master,Together,22669.0,30,173,7,0,13,1,1,Low-Engagement,-1.5870459279049476,0.820471713368529
6859,28,Graduation,Single,29236.0,30,99,7,0,13,1,1,Low-Engagement,-1.4954345539945004,0.7993073427893187
9860,56,Graduation,Together,44911.0,11,215,9,0,11,1,1,Low-Engagement,-0.906506788501428,0.35837223047438777
7129,53,PhD,Married,54693.0,72,929,23,0,12,1,3,Digital-Engaged,0.9673278234844457,1.0326166235313818
5866,41,Graduation,Together,48186.0,39,219,9,0,11,1,1,Low-Engagement,-0.8206253861736509,0.3196360240533708
10521,38,Graduation,Married,54809.0,0,174,8,0,6,2,1,Low-Engagement,-1.2919661734440788,-0.364091896108706
7393,37,Graduation,Together,41580.0,15,92,6,0,7,2,1,Low-Engagement,-1.8066688562942277,-0.16963764765221068
7849,45,PhD,Married,80336.0,12,1052,24,0,3,0,2,Established Value,2.0679423693711194,-1.6886281844985356
332,58,Graduation,Married,47743.0,56,275,11,1,10,1,1,Low-Engagement,-0.18946712873212307,0.07458778800315372
9847,60,2n Cycle,Married,62972.0,39,587,14,0,13,1,3,Digital-Engaged,0.24282459318978772,0.9487369690983439
531,61,PhD,Divorced,57333.0,55,1662,22,0,14,1,3,Digital-Engaged,1.6454914573052866,1.4996709165373328
9576,33,PhD,Together,32313.0,60,159,8,0,13,1,1,Low-Engagement,-1.2941334050921276,0.7965930207818894
6906,62,Master,Widow,84953.0,73,1024,17,3,5,0,0,Premium High-Value,3.0966569031696447,-1.7167318997575183
7419,47,Master,Divorced,27071.0,90,35,5,0,8,1,1,Low-Engagement,-1.809806195156428,-0.5464972975746841
3170,58,Master,Together,68148.0,86,1042,14,0,6,0,2,Established Value,1.1217349119062927,-1.3649646734829386
8527,50,Master,Together,65735.0,37,395,14,0,13,2,3,Digital-Engaged,-0.3058276724776676,1.4911783387721191
7872,40,PhD,Married,86836.0,7,557,22,3,11,0,0,Premium High-Value,3.1510709772093217,-0.015816472029845683
9931,52,PhD,Married,4023.0,29,9,0,0,19,2,1,Low-Engagement,-2.9371075459716747,2.6198817152103357
10595,25,Graduation,Married,30093.0,19,69,5,0,9,0,1,Low-Engagement,-1.2582405076521608,-0.7906011494000055
4609,49,PhD,Married,57705.0,14,486,15,0,14,1,3,Digital-Engaged,0.10673400331122906,1.2697255551681914
5010,27,Graduation,Single,25008.0,72,34,4,0,9,1,1,Low-Engagement,-1.9177016784942136,-0.3151944887725112
4427,20,2n Cycle,Single,83257.0,56,1365,27,2,11,0,0,Premium High-Value,3.6796255368608906,0.19817596687539032
11148,40,Graduation,Together,22280.0,85,13,3,0,9,1,1,Low-Engagement,-2.070238324656002,-0.3571001444355058
1168,37,PhD,Married,72159.0,62,1401,20,0,6,0,2,Established Value,1.955422385427323,-1.1278940453462794
9595,54,Graduation,Together,64260.0,1,1574,13,0,7,0,2,Established Value,1.4394888863310291,-1.0536978322490098
10163,31,PhD,Single,82733.0,28,1323,19,0,12,0,2,Established Value,2.1534568596460333,0.29654240637468665
2886,44,Master,Divorced,74290.0,70,1217,28,2,16,1,0,Premium High-Value,3.032988848041223,2.0147351583869573
6710,64,Master,Single,58217.0,84,103,6,0,8,3,1,Low-Engagement,-1.8160329606036614,0.5027725395360286
5316,39,Master,Together,21024.0,89,84,6,0,9,0,1,Low-Engagement,-1.3844450141840312,-0.7970477056200548
9029,43,PhD,Married,70116.0,73,1536,22,0,3,0,2,Established Value,2.1243450176669714,-1.7877246028837104
521,30,Graduation,Together,54006.0,42,581,16,0,15,1,3,Digital-Engaged,0.1907731880869588,1.5338014614484037
1459,49,PhD,Married,69063.0,16,928,13,0,8,1,2,Established Value,0.5495262148114417,-0.29654883383907965
10241,40,2n Cycle,Divorced,11448.0,16,14,3,0,7,0,1,Low-Engagement,-1.9250742784215256,-1.2907336099302602
1630,36,Graduation,Single,61825.0,56,424,14,0,8,1,1,Low-Engagement,-0.001803089637538039,-0.2836534369747602
3254,44,Graduation,Married,70886.0,65,960,13,0,7,1,2,Established Value,0.6136232617501957,-0.5953069369233834
9064,33,Graduation,Married,69109.0,10,1555,19,1,10,0,2,Established Value,2.466947960405741,-0.18698629050108037
3678,42,Graduation,Widow,60208.0,13,656,18,1,15,2,3,Digital-Engaged,0.5649499617282671,2.109801780567142
4227,47,Master,Together,32889.0,78,55,6,0,7,2,1,Low-Engagement,-2.0410037872287923,-0.2075085683274691
9467,31,Graduation,Single,34738.0,51,20,4,0,7,1,1,Low-Engagement,-1.7280367733597073,-0.8107565775691566
8486,44,Master,Together,30538.0,27,367,13,0,19,1,3,Digital-Engaged,-0.7182762598097833,2.4824625148205928
2186,38,2n Cycle,Together,82326.0,30,2257,21,3,7,0,0,Premium High-Value,4.324326835092528,-1.0185334833811095
3286,48,PhD,Divorced,26642.0,71,42,5,0,8,1,1,Low-Engagement,-1.8162332721053704,-0.5256656484723631
8602,51,Graduation,Divorced,69932.0,97,1049,24,0,11,1,3,Digital-Engaged,1.4997626428786628,0.7546066028797688
3722,43,Graduation,Single,44503.0,83,48,5,0,8,2,1,Low-Engagement,-1.8223919147876912,-0.042186045156001224
6715,67,PhD,Single,60200.0,3,685,19,0,12,1,3,Digital-Engaged,0.5934780425666245,0.9360602576117096
4796,63,Graduation,Divorced,49638.0,71,39,4,0,3,1,1,Low-Engagement,-1.4084703342617042,-1.850620716984161
9612,28,2n Cycle,Single,23830.0,3,43,4,0,8,0,1,Low-Engagement,-1.5185356307424893,-1.0353110650417603
3766,56,Master,Widow,33051.0,15,835,18,0,18,0,3,Digital-Engaged,0.5370042291131565,1.8818412797668895
1399,57,Graduation,Married,72905.0,52,1515,19,1,4,0,2,Established Value,2.4400597404209092,-1.7022783704035578
1570,64,PhD,Together,69702.0,8,1039,24,0,11,1,3,Digital-Engaged,1.474092747753166,0.8462036318076107
3426,40,Graduation,Divorced,70300.0,89,1596,23,0,13,1,3,Digital-Engaged,1.9576103436947572,1.2174766284638645
3074,31,PhD,Married,70643.0,66,1828,17,0,11,0,2,Established Value,2.166220805675793,-0.016371050365385418
8341,46,PhD,Married,30396.0,22,34,4,1,8,1,1,Low-Engagement,-1.344333352109797,-0.5841147174709901
5180,47,PhD,Divorced,50616.0,56,149,8,0,11,1,1,Low-Engagement,-0.8925239018409283,0.2571167804405316
6461,46,Master,Single,62772.0,74,946,22,1,7,1,2,Established Value,1.4990823668698348,-0.30789995922992247
7679,30,PhD,Single,30298.0,48,28,5,0,4,0,1,Low-Engagement,-1.3594382450348828,-2.0381226159861203
10702,31,Graduation,Single,52413.0,67,450,15,0,14,1,3,Digital-Engaged,-0.046196066492257465,1.2315522561488963
7505,58,PhD,Married,44155.0,24,46,4,0,5,2,1,Low-Engagement,-1.9534774531916468,-0.7477246375833864
5113,44,PhD,Divorced,86979.0,67,1702,15,1,7,0,2,Established Value,2.7131256298240896,-1.1765052341619444
10858,40,Graduation,Together,76532.0,38,820,21,0,14,2,3,Digital-Engaged,0.837734589432762,1.962571730964968
2961,33,Graduation,Married,42081.0,86,382,13,1,12,1,3,Digital-Engaged,-0.057321128536291614,0.6230359214503487
2747,27,PhD,Married,67546.0,90,2126,19,0,7,0,2,Established Value,2.4429879351060513,-0.9278076183150565
3010,26,Master,Together,88420.0,87,2069,19,3,5,0,0,Premium High-Value,4.2583281695603565,-1.6567243507398843
5790,30,Graduation,Married,31158.0,62,72,5,0,10,1,1,Low-Engagement,-1.6526270968976284,-0.04342133760006968
6892,47,Graduation,Divorced,61671.0,23,732,20,2,18,1,3,Digital-Engaged,1.7601080334231611,2.288597725515612
1743,41,Graduation,Single,69719.0,99,801,10,0,3,0,2,Established Value,0.6223843949988831,-2.2631965736002453
3578,66,Graduation,Divorced,49160.0,29,236,10,0,9,1,1,Low-Engagement,-0.7426927857699074,-0.12284749442925762
8462,37,Basic,Together,24882.0,52,80,4,1,7,1,1,Low-Engagement,-1.4465586531831587,-0.8405495146112841
5558,61,PhD,Single,90933.0,90,1685,14,1,5,0,2,Established Value,2.696965879563372,-1.736022004856419
4619,70,PhD,Single,113734.0,9,277,27,0,28,0,3,Digital-Engaged,2.2865428379712585,4.456684887831364
8780,65,PhD,Together,59292.0,71,507,16,0,6,1,2,Established Value,0.12380497480779293,-0.7032629792050861
10789,51,PhD,Married,45759.0,13,68,5,0,9,2,1,Low-Engagement,-1.7684288819705416,0.26906357867352493
10779,32,Graduation,Single,22148.0,16,49,4,0,8,0,1,Low-Engagement,-1.5519842965121293,-1.0433224624159267
5896,28,Master,Married,73395.0,94,397,14,0,6,0,2,Established Value,0.6705630194316369,-1.396436079484228
2337,44,Graduation,Divorced,29819.0,77,39,6,0,9,1,1,Low-Engagement,-1.6574323911845237,-0.2614808392967277
10951,47,Graduation,Married,45688.0,20,306,12,1,7,1,1,Low-Engagement,-0.18970669856228073,-0.5751288419474276
544,61,Graduation,Married,62820.0,51,976,13,0,4,0,2,Established Value,0.8310768468744542,-1.8369414277684715
17,44,PhD,Married,60491.0,81,1028,24,0,11,1,3,Digital-Engaged,1.2518192879650907,0.800004053600685
10680,29,Graduation,Together,33235.0,71,70,6,0,10,1,1,Low-Engagement,-1.53361406271232,-0.022240705306839238
3265,56,Graduation,Married,35701.0,36,46,4,0,7,0,1,Low-Engagement,-1.240746602679018,-1.34917646841319
5623,35,Master,Married,31535.0,95,51,4,1,8,1,1,Low-Engagement,-1.2925283408372616,-0.6620951921621709
5832,55,2n Cycle,Together,92556.0,32,1263,21,0,3,0,2,Established Value,2.3444723091130073,-1.8551891443787216
5544,45,Graduation,Single,67384.0,32,1490,20,1,12,1,3,Digital-Engaged,2.0261493932720818,0.8697730954314344
6417,44,Master,Together,80573.0,85,1564,23,0,6,0,2,Established Value,2.516019579303683,-1.0651891204073036
5831,48,Graduation,Married,77870.0,93,1815,15,2,13,1,0,Premium High-Value,2.708147822929936,0.7776051372497148
7101,52,PhD,Widow,52278.0,24,1198,25,0,18,1,3,Digital-Engaged,1.3714641214253624,2.625942045638492
10176,47,Graduation,Single,57107.0,44,416,16,2,12,1,0,Premium High-Value,1.0031271731842213,0.6703147667932422
2326,25,Graduation,Married,18929.0,15,85,5,0,7,0,1,Low-Engagement,-1.5421466028715367,-1.2384438881670157
4385,34,PhD,Single,36038.0,82,47,6,0,9,1,1,Low-Engagement,-1.500032542049178,-0.28578510098645027
2929,39,Graduation,Single,20180.0,27,137,7,0,9,0,1,Low-Engagement,-1.295287326814618,-0.6936227183568588
10686,50,PhD,Together,34230.0,72,21,3,0,8,2,1,Low-Engagement,-2.2345311337151563,-0.07307231122458414
2546,38,2n Cycle,Single,31878.0,7,70,5,0,4,1,1,Low-Engagement,-1.731606778599671,-1.449591525770999
3283,43,2n Cycle,Married,70932.0,57,909,20,0,9,1,3,Digital-Engaged,1.085195510502932,0.15678986062020928
3138,59,Graduation,Single,91249.0,84,1676,22,4,11,0,0,Premium High-Value,4.734969567079739,-0.1560105089318515
4994,72,Master,Single,77598.0,53,1735,25,1,10,0,2,Established Value,3.256247594810875,-0.03424803850206584
7966,56,Graduation,Single,80982.0,48,1191,27,0,16,2,3,Digital-Engaged,1.7262112262375053,2.6503667679267324
3112,38,Master,Married,22701.0,2,24,4,0,6,1,1,Low-Engagement,-2.0347509214680026,-0.966658003000176
10872,46,PhD,Married,55212.0,65,1182,17,2,12,1,0,Premium High-Value,1.7167905740704656,0.6999062037657847
2181,45,Graduation,Married,70617.0,45,1280,13,0,5,0,2,Established Value,1.3050885667572947,-1.6083089369111154
1867,58,Graduation,Single,64849.0,42,1336,18,0,14,0,3,Digital-Engaged,1.6961570876669005,0.7876856299367613
1518,50,Master,Married,62694.0,29,749,19,0,16,2,3,Digital-Engaged,0.32983484725673295,2.426929168543034
5734,41,PhD,Married,61917.0,83,91,6,0,7,2,1,Low-Engagement,-1.309823387109492,-0.3022177168036882
2878,68,PhD,Married,67472.0,93,414,13,0,7,1,1,Low-Engagement,0.045397102680456124,-0.6192979112410626
1458,33,Master,Married,21059.0,40,44,6,0,9,1,1,Low-Engagement,-1.8683147782622869,-0.1964410808600361
7007,47,Master,Married,29543.0,47,63,6,0,10,2,1,Low-Engagement,-2.0744072565312224,0.5647196060059257
6200,64,Graduation,Married,75903.0,50,901,21,0,9,1,2,Established Value,1.2664354382467642,0.18529176199966518
1403,40,2n Cycle,Together,34984.0,40,38,4,0,8,2,1,Low-Engagement,-2.1354507074012954,-0.005665196319623266
4827,59,PhD,Single,54998.0,3,455,15,0,8,1,1,Low-Engagement,-0.0751654566415872,-0.1711218095892844
6250,66,PhD,Widow,54356.0,62,775,21,0,19,1,3,Digital-Engaged,0.7826437851797826,2.6720279804138225
9291,56,Master,Married,34242.0,25,15,3,0,5,1,1,Low-Engagement,-1.8466304937287341,-1.3062500035834617
2478,42,Graduation,Married,25410.0,48,38,5,0,5,1,1,Low-Engagement,-1.8961442088663165,-1.228448849466683
1139,31,PhD,Married,73356.0,56,1512,21,3,7,0,0,Premium High-Value,3.5612218623154055,-1.0239963230692937
5138,65,Graduation,Together,28320.0,68,43,4,0,9,1,1,Low-Engagement,-1.8304627163387786,-0.32127436955242594
5393,38,Graduation,Single,23763.0,64,42,4,0,8,1,1,Low-Engagement,-1.956080927328979,-0.5464265821408547
10413,31,Graduation,Married,72570.0,67,1089,22,0,5,0,2,Established Value,1.810984458025589,-1.3073511398928188
5015,39,Master,Married,34529.0,94,162,7,0,9,1,1,Low-Engagement,-1.3619866892473238,-0.2552802296876067
10868,64,Graduation,Widow,70792.0,82,1272,17,0,6,0,2,Established Value,1.6002268675296423,-1.256037800044524
10676,33,Graduation,Married,63211.0,3,1173,18,0,5,0,2,Established Value,1.374288037906704,-1.35936060225015
2495,41,Master,Married,83891.0,24,816,21,0,5,1,2,Established Value,1.3206998033084931,-0.7872474048365098
7842,47,Graduation,Single,36065.0,54,74,6,0,11,2,1,Low-Engagement,-1.8921769941885038,0.7808219007366016
9955,61,Graduation,Together,39898.0,20,134,7,0,10,1,1,Low-Engagement,-1.252630373658887,0.04678543156411409
6663,75,PhD,Single,51141.0,96,157,8,0,8,0,1,Low-Engagement,-0.4688098592230123,-1.0664469076771175
2162,39,Graduation,Married,56939.0,19,561,16,0,6,1,2,Established Value,0.10910075799911981,-0.6422158263750367
3434,64,Graduation,Single,80872.0,60,1336,18,0,5,0,2,Established Value,1.9524458308323547,-1.470612035920874
7919,39,PhD,Together,72335.0,2,2092,22,0,18,0,3,Digital-Engaged,2.8864038040147233,1.934412617690841
5626,51,PhD,Single,61798.0,13,463,15,0,8,0,2,Established Value,0.539530555898498,-0.7533928034127849
6428,65,PhD,Widow,76842.0,37,1130,16,0,1,0,2,Established Value,1.470059034062698,-2.483965272052874
8514,39,Graduation,Together,29478.0,59,20,4,0,7,1,1,Low-Engagement,-1.8535623900337914,-0.8026292579952344
10448,59,Graduation,Single,46998.0,55,377,13,1,12,1,3,Digital-Engaged,0.052583331556351816,0.6394324955673923
2109,25,Graduation,Single,96843.0,60,1544,27,1,8,0,2,Established Value,3.6017294115174145,-0.5087938348452187
7530,65,PhD,Widow,56551.0,48,138,7,0,6,2,1,Low-Engagement,-1.3460350102101815,-0.45580208147894635
8925,50,Master,Married,70053.0,38,1012,23,0,13,1,3,Digital-Engaged,1.421575869448155,1.2640227506227522
3009,53,PhD,Widow,71670.0,8,1766,14,3,11,0,0,Premium High-Value,3.312810994542898,-0.2513957434959428
6355,37,Graduation,Married,44359.0,19,45,6,0,5,2,1,Low-Engagement,-1.8106653031296152,-0.6695703181510513
3517,63,Graduation,Single,40887.0,32,161,7,0,12,2,1,Low-Engagement,-1.6166136722418973,1.0695144454260044
1158,49,Graduation,Divorced,48877.0,27,144,7,0,10,1,1,Low-Engagement,-1.0267940643635547,0.011901929535154546
6203,68,Graduation,Together,74485.0,58,1734,25,0,9,0,2,Established Value,2.701859072131193,-0.21309971255822183
7165,43,Graduation,Together,64474.0,59,823,20,0,13,1,3,Digital-Engaged,0.9113819263323266,1.1472605806652267
3595,52,Graduation,Together,77226.0,29,1138,26,0,9,1,2,Established Value,1.8567233780007182,0.38945644492958276
8537,66,Graduation,Widow,72643.0,60,1429,20,1,5,0,2,Established Value,2.441957405552787,-1.4303812800433688
4331,37,Master,Together,85738.0,41,1371,20,2,4,0,0,Premium High-Value,3.1525982510196826,-1.7555198584283538
6281,49,Graduation,Divorced,55686.0,27,982,14,1,10,1,3,Digital-Engaged,0.8410967151645689,0.19784316307061806
4338,32,Graduation,Single,39062.0,28,44,4,1,5,1,1,Low-Engagement,-1.1699533419952202,-1.3470794651875555
2452,44,Graduation,Together,34600.0,8,318,12,0,13,2,1,Low-Engagement,-1.266899436229313,1.542824505629245
9507,40,Graduation,Married,40794.0,18,434,14,0,13,1,3,Digital-Engaged,-0.4305044450174095,1.0372942966268364
8360,44,2n Cycle,Married,54690.0,76,198,9,0,6,2,1,Low-Engagement,-1.1940542052251388,-0.4043205524157492
10311,46,Graduation,Married,4428.0,0,359,25,0,26,1,3,Digital-Engaged,-0.34271658206085476,4.726823288813712
5117,52,2n Cycle,Married,32632.0,32,576,16,0,9,0,1,Low-Engagement,0.025971004972108455,-0.40096935777808235
4867,47,PhD,Single,38236.0,2,88,7,0,10,2,1,Low-Engagement,-1.7788113464086226,0.6208933753557896
9289,36,Graduation,Married,36781.0,16,63,5,0,10,1,1,Low-Engagement,-1.5312092591473543,-0.013921109138656065
10913,31,Master,Single,31385.0,56,27,3,1,9,1,1,Low-Engagement,-1.3776669368493213,-0.41550314965749563
3032,31,Graduation,Married,24570.0,97,193,8,0,13,1,1,Low-Engagement,-1.445259197109037,0.783138840864812
8524,41,PhD,Divorced,25509.0,15,101,6,0,12,1,1,Low-Engagement,-1.6694919951918252,0.5460182218840671
3334,64,Graduation,Married,94642.0,35,2211,21,2,6,0,0,Premium High-Value,4.137637291590705,-1.2446457626590492
4470,53,Master,Married,58646.0,3,140,7,0,6,1,1,Low-Engagement,-0.8568012329604027,-0.967320930135003
1406,40,Graduation,Single,53201.0,49,415,14,0,13,2,3,Digital-Engaged,-0.5878931662223589,1.5179839882899697
8619,58,Graduation,Together,21994.0,4,22,3,0,5,1,1,Low-Engagement,-2.1376154166667285,-1.246733635002309
10821,37,Graduation,Married,57113.0,45,263,10,0,11,2,1,Low-Engagement,-0.9386545797607868,0.8742029396369868
4552,24,Graduation,Married,51373.0,37,393,11,0,7,0,1,Low-Engagement,-0.06446159231694316,-1.1371036600383835
898,29,Graduation,Married,23477.0,39,147,7,0,11,1,1,Low-Engagement,-1.618995993836312,0.3217661093374973
9797,59,Graduation,Married,58116.0,38,443,14,0,5,1,1,Low-Engagement,-0.12004604315558644,-0.9836191408451078
10949,52,PhD,Divorced,72968.0,8,1958,18,1,8,0,2,Established Value,2.8219932788845177,-0.7160735992324126
8212,44,Master,Married,39791.0,89,174,8,0,10,1,1,Low-Engagement,-1.1409605459940428,0.013850613354029881
6248,68,Master,Single,91712.0,47,2217,27,1,12,0,2,Established Value,4.1142606462754445,0.4927925629504434
10164,57,Graduation,Single,94472.0,75,1691,15,2,10,1,0,Premium High-Value,2.950000477301727,0.013148567015787297
4547,55,Graduation,Together,13672.0,86,25,4,0,9,2,1,Low-Engagement,-2.6393961006787157,0.25659018660889843
6815,35,2n Cycle,Married,96547.0,4,809,21,3,9,0,0,Premium High-Value,3.4611860561054777,-0.5572025531243786
4122,40,Graduation,Married,79205.0,73,895,15,1,10,0,2,Established Value,1.847012493466966,-0.43725634623994364
10841,40,PhD,Together,56559.0,46,484,15,0,8,1,3,Digital-Engaged,-0.006213543919396722,-0.219608025200742
5370,42,PhD,Married,32644.0,38,413,14,1,15,1,3,Digital-Engaged,-0.14903813933163307,1.468620779951178
176,35,2n Cycle,Single,67506.0,73,331,11,0,7,1,1,Low-Engagement,-0.17015313577035235,-0.6735452644744537
4860,45,Graduation,Single,24206.0,66,25,4,0,7,1,1,Low-Engagement,-1.9750185063697865,-0.7933878788405734
10757,48,PhD,Divorced,28420.0,36,13,3,0,7,1,1,Low-Engagement,-1.957890971728443,-0.8127534218657096
4023,45,Graduation,Married,22979.0,29,115,7,0,11,1,1,Low-Engagement,-1.6609259219460988,0.33318529682911857
6679,49,Graduation,Single,33279.0,29,16,3,0,3,0,1,Low-Engagement,-1.4549051642986022,-2.345112891933961
9923,43,Master,Single,46423.0,6,92,6,0,9,2,1,Low-Engagement,-1.662098667889909,0.3112661389715958
7181,38,Graduation,Married,30368.0,97,52,5,0,10,1,1,Low-Engagement,-1.6851726056133418,-0.0769738729370387
3599,45,Graduation,Married,63684.0,61,1464,20,0,13,1,3,Digital-Engaged,1.4674353647636253,1.1546473979592071
405,51,Graduation,Divorced,41638.0,68,441,13,1,13,1,3,Digital-Engaged,-0.002728829927497291,0.8868130135054628
6870,56,PhD,Divorced,68805.0,73,283,11,0,5,1,1,Low-Engagement,-0.21114983281878769,-1.1648111282769014
832,49,PhD,Together,65814.0,90,747,20,0,13,1,3,Digital-Engaged,0.8793546375086165,1.1105844107832419
2002,57,Graduation,Divorced,71964.0,81,1870,16,0,8,0,2,Established Value,2.124026762884053,-0.8022614403876931
3657,29,Graduation,Single,39146.0,1,165,8,0,12,1,1,Low-Engagement,-1.1463900171769232,0.5924386563085534
500,38,Graduation,Together,96876.0,79,1941,23,3,9,0,0,Premium High-Value,4.625129960049755,-0.5478652414765746
1951,34,Basic,Married,34445.0,92,839,21,0,20,0,3,Digital-Engaged,0.8221325667765317,2.396083579335225
3262,57,Graduation,Single,68281.0,31,1655,24,0,7,0,2,Established Value,2.379475273602556,-0.6906815423596755
4102,40,2n Cycle,Married,37284.0,46,23,3,0,6,2,1,Low-Engagement,-2.1917376483677287,-0.5426519618330259
7042,32,Graduation,Married,36790.0,14,66,5,0,11,0,1,Low-Engagement,-1.071260406467267,-0.3195671749527629
10598,48,Graduation,Together,27943.0,89,37,5,0,10,2,1,Low-Engagement,-2.2006538228814274,0.489613200526915
255,64,Graduation,Divorced,22263.0,31,21,4,0,7,2,1,Low-Engagement,-2.472429737859606,-0.20057062251096602
2375,43,Graduation,Together,30261.0,75,22,3,0,8,3,1,Low-Engagement,-2.771425095220489,0.48722926984986376
9829,37,Graduation,Together,28587.0,42,78,6,0,8,1,1,Low-Engagement,-1.6710888181925054,-0.46481094500177783
6214,33,Master,Married,43815.0,53,79,5,0,8,1,1,Low-Engagement,-1.3722155612855285,-0.5600973367020325
4954,59,Graduation,Married,48195.0,53,265,11,0,10,2,1,Low-Engagement,-1.0952660989485317,0.6871770109020646
7861,63,Master,Married,77027.0,23,1175,17,0,12,1,3,Digital-Engaged,1.3007328035582602,0.7950992277043931
4837,50,PhD,Married,71322.0,57,1305,26,0,12,1,3,Digital-Engaged,1.911772378133369,1.111025497046787
9423,36,Master,Married,32765.0,49,46,6,0,7,1,1,Low-Engagement,-1.6130041964095483,-0.7286264293314697
4198,50,Graduation,Together,29672.0,6,25,3,0,6,2,1,Low-Engagement,-2.3780715313171727,-0.47813660564678934
153,62,Graduation,Divorced,23272.0,29,46,4,0,5,0,1,Low-Engagement,-1.5698066010847203,-1.7902047097067622
9323,66,Master,Together,49912.0,5,874,22,1,18,1,3,Digital-Engaged,1.2771153265615625,2.478665819611937
10001,30,2n Cycle,Together,7500.0,98,100,6,0,11,1,1,Low-Engagement,-2.106255949085031,0.2734238094578731
3945,68,PhD,Widow,68117.0,80,930,23,1,17,1,3,Digital-Engaged,1.829781778650411,2.1396441457922277
3799,60,Graduation,Married,67225.0,4,868,20,0,12,1,3,Digital-Engaged,0.9964071404385992,0.9520960373671526
8625,39,Graduation,Married,17649.0,70,45,6,0,11,1,1,Low-Engagement,-1.9164796501859762,0.2701853100980932
3491,40,Graduation,Together,55914.0,32,1260,25,0,18,1,3,Digital-Engaged,1.5155298345864894,2.6071663643527625
983,31,Graduation,Married,40059.0,82,414,11,1,14,1,3,Digital-Engaged,-0.1879951647312857,1.0467727603740935
9119,65,Graduation,Together,60905.0,27,392,13,0,5,1,1,Low-Engagement,-0.16978498577333642,-1.018417352734578
4786,38,Graduation,Married,75330.0,94,1109,25,0,16,2,3,Digital-Engaged,1.383063905367971,2.5462794944054967
5872,64,Graduation,Single,60689.0,23,639,18,0,7,1,2,Established Value,0.42378415235059946,-0.34003740019582473
6568,31,Graduation,Married,38680.0,97,79,5,0,9,1,1,Low-Engagement,-1.4756156138265744,-0.34580567281801317
5628,33,Graduation,Together,61416.0,25,1665,23,1,16,0,3,Digital-Engaged,2.7488770019156714,1.430244310863171
5631,24,Graduation,Single,49767.0,92,692,17,0,9,0,2,Established Value,0.6194204752077622,-0.4773264692610536
4974,45,Graduation,Single,83273.0,98,1392,19,0,11,3,3,Digital-Engaged,0.894428033961274,1.6338553740752504
8416,34,Graduation,Married,29009.0,19,44,5,0,8,1,1,Low-Engagement,-1.7640276950521268,-0.4798173544579403
5454,36,Master,Married,45057.0,80,50,5,0,7,1,1,Low-Engagement,-1.3795563273384426,-0.8352261363732478
4095,44,Graduation,Married,37150.0,80,467,13,0,11,1,1,Low-Engagement,-0.5797032636412525,0.46200333914629277
5474,45,Graduation,Single,43020.0,79,223,9,0,10,1,1,Low-Engagement,-0.9508872703576161,0.05144095665508369
4268,56,Graduation,Married,53154.0,50,158,8,0,7,1,1,Low-Engagement,-0.8825566488128638,-0.717950801649268
10701,42,Graduation,Married,65308.0,60,1211,27,2,11,0,0,Premium High-Value,3.110266255861344,0.24805231633409855
3507,45,Graduation,Single,76467.0,44,1575,12,0,8,1,2,Established Value,1.2416158015534642,-0.37792381563100436
2079,68,2n Cycle,Married,81044.0,0,1208,21,0,6,0,2,Established Value,2.0580154712942216,-1.0573095336647225
626,64,Graduation,Married,32871.0,28,43,4,0,5,2,1,Low-Engagement,-2.2271030108366987,-0.7168655000375932
4426,40,Graduation,Single,55801.0,35,527,15,1,14,2,3,Digital-Engaged,0.12227752948739834,1.7456795181623923
2591,56,Graduation,Widow,76320.0,49,932,13,0,8,1,2,Established Value,0.7318224163738074,-0.3527415516891806
10509,60,Master,Single,36927.0,46,71,6,0,11,2,1,Low-Engagement,-1.8751357616122402,0.7862960864737758
6382,62,Graduation,Together,48794.0,97,54,4,0,5,2,1,Low-Engagement,-1.8255503054863265,-0.8366534572535194
6673,50,Graduation,Single,23478.0,51,129,6,0,11,0,1,Low-Engagement,-1.2606290201396777,-0.2785982313188298
7441,42,Graduation,Divorced,71128.0,80,1615,24,0,9,1,2,Established Value,2.0047488358873613,0.28772913942781025
1071,39,PhD,Divorced,70179.0,10,1034,23,0,12,1,3,Digital-Engaged,1.4262202916791036,1.049140793742633
10061,65,Graduation,Married,59462.0,29,1088,23,0,16,1,3,Digital-Engaged,1.2776323905556686,2.0369591587200437
8775,46,Graduation,Together,38361.0,74,137,7,0,10,1,1,Low-Engagement,-1.2801355705168422,-0.003626254329666641
2345,33,PhD,Together,70038.0,54,1244,16,0,6,0,2,Established Value,1.4837521082191758,-1.262221184501611
322,37,Graduation,Together,42554.0,93,41,5,0,6,2,1,Low-Engagement,-1.9034983666444882,-0.533160129943359
10897,41,Graduation,Married,67445.0,63,1174,27,0,15,1,3,Digital-Engaged,1.815308015633187,1.882399972608979
123,64,Graduation,Widow,67046.0,92,993,13,0,6,1,2,Established Value,0.5396320988153801,-0.8540057142224721
6103,67,Graduation,Married,42192.0,40,100,6,0,6,0,1,Low-Engagement,-0.9108509037687431,-1.542472795721744
7899,63,PhD,Married,77610.0,70,1680,15,0,11,1,2,Established Value,1.6194761541473515,0.4336968286077208
10500,31,Graduation,Married,31761.0,96,98,7,0,8,1,1,Low-Engagement,-1.5003115452921676,-0.4927991252127772
1655,36,Graduation,Together,34350.0,81,48,4,0,8,1,1,Low-Engagement,-1.6938959579989563,-0.5965625235576686
2406,66,Graduation,Together,54591.0,63,519,16,0,11,1,3,Digital-Engaged,0.0934814643258564,0.5364103339573111
2712,59,Graduation,Married,71866.0,85,715,19,0,9,1,3,Digital-Engaged,0.8674962564695572,0.08631127413316915
5517,46,Graduation,Married,25293.0,51,37,4,0,9,1,1,Low-Engagement,-1.9107913790454378,-0.29457508972040575
10643,28,PhD,Single,42000.0,23,653,18,0,10,0,3,Digital-Engaged,0.473267474478525,-0.10292701273013065
2254,32,Graduation,Married,69520.0,95,1455,20,0,14,0,3,Digital-Engaged,2.06131045662587,0.794000270656482
10281,45,Graduation,Divorced,64713.0,11,602,17,0,9,1,3,Digital-Engaged,0.4453830159042213,0.10922665417232062
6958,38,Master,Married,27889.0,42,26,4,0,7,1,1,Low-Engagement,-1.8885390688880321,-0.7802571857514152
954,55,Basic,Widow,22123.0,77,102,6,0,7,0,1,Low-Engagement,-1.3725743921847826,-1.2747058904265456
4643,42,Graduation,Married,27803.0,40,176,7,0,11,1,1,Low-Engagement,-1.4888030088649384,0.3076486406166674
6497,55,Graduation,Married,51651.0,32,433,13,0,14,1,3,Digital-Engaged,-0.22359231926721776,1.1958274118438
5396,27,Graduation,Married,68487.0,48,1366,29,0,13,0,3,Digital-Engaged,2.56358436792389,0.9325131344163379
1052,46,Graduation,Married,56796.0,24,1001,24,0,15,1,3,Digital-Engaged,1.1899723441066392,1.8428730928502803
2802,23,2n Cycle,Married,87000.0,61,961,17,0,6,0,2,Established Value,1.7085917981336294,-1.2882015553851207
6343,56,Graduation,Married,79823.0,6,1518,22,1,8,1,2,Established Value,2.4282428765132527,-0.041647963189148346
6507,35,Graduation,Single,30828.0,16,56,6,0,4,1,1,Low-Engagement,-1.6985747364528738,-1.4188476380831236
7901,44,Master,Married,34109.0,39,22,3,0,4,1,1,Low-Engagement,-1.8563961426691529,-1.563432924473476
4865,41,Master,Divorced,53367.0,2,400,14,0,12,2,3,Digital-Engaged,-0.6178502519623852,1.3220004392086764
2686,46,Basic,Together,22390.0,49,26,3,0,8,0,1,Low-Engagement,-1.6323607703465222,-1.114905016200407
3107,39,Graduation,Together,71322.0,31,350,12,0,6,1,1,Low-Engagement,-0.011478192361206792,-0.8487428937913393
7734,22,Graduation,Absurd,79244.0,58,1216,21,2,5,0,0,Premium High-Value,2.9438396932685587,-1.474256185979559
1146,66,Master,Together,49912.0,5,874,22,1,18,1,3,Digital-Engaged,1.2771153265615625,2.478665819611937
11031,65,PhD,Married,48699.0,90,40,4,0,6,2,1,Low-Engagement,-1.8266678123516973,-0.585996716868346
7428,40,Graduation,Together,80144.0,47,1367,18,0,4,0,2,Established Value,1.9465003911071312,-1.6980843682549833
975,59,Graduation,Single,54252.0,25,264,10,0,10,2,1,Low-Engagement,-1.0236900024836706,0.6601730464751722
1103,39,Master,Married,81929.0,60,2053,18,2,10,1,0,Premium High-Value,3.180410374800913,0.18180795185585427
3422,40,Graduation,Married,76068.0,67,1376,9,2,8,1,0,Premium High-Value,1.7765815207885243,-0.6328553524086925
1055,39,Master,Married,53204.0,40,45,4,0,5,2,1,Low-Engagement,-1.7346918132731568,-0.7921465041302735
6544,66,PhD,Together,67911.0,63,976,24,0,9,1,3,Digital-Engaged,1.3522176430216348,0.30812204804502497
1241,31,2n Cycle,Married,14796.0,1,51,4,0,10,1,1,Low-Engagement,-2.1424178580387774,0.03259665166429347
2909,41,PhD,Married,78128.0,89,1264,18,2,11,1,0,Premium High-Value,2.39969477974335,0.398705262748179
5802,43,Basic,Married,14188.0,40,75,6,0,8,0,1,Low-Engagement,-1.5777062893648712,-0.9692142976375807
1407,29,Basic,Married,20425.0,5,57,5,0,9,1,1,Low-Engagement,-1.9460154027919607,-0.19539310697777598
6183,53,Master,Married,58646.0,3,140,7,0,6,1,1,Low-Engagement,-0.8568012329604027,-0.967320930135003
340,45,Graduation,Divorced,72967.0,1,497,17,1,12,1,3,Digital-Engaged,1.0569584437341857,0.7628140405055419
5991,66,Master,Married,48150.0,24,266,10,0,12,1,1,Low-Engagement,-0.6969123733947202,0.6157963182193122
3104,54,Graduation,Single,82332.0,89,2006,20,1,7,0,2,Established Value,3.225282631328333,-0.9970660666622451
9729,60,Graduation,Widow,58275.0,48,615,17,0,15,2,3,Digital-Engaged,-0.048271838888827585,2.1026996527818245
1008,34,PhD,Together,44953.0,31,1021,23,1,13,0,3,Digital-Engaged,1.73231377001538,0.7380575174313945
11091,62,Graduation,Together,34587.0,68,22,4,0,5,2,1,Low-Engagement,-2.1996357323539004,-0.7633097108248352
3969,41,Master,Together,43018.0,46,133,6,0,7,1,1,Low-Engagement,-1.2887283259710594,-0.7563967414745895
1916,61,Master,Married,45736.0,92,437,14,0,14,1,3,Digital-Engaged,-0.28504625357311747,1.1897072804670343
9907,46,Master,Together,66476.0,80,1013,24,0,10,1,3,Digital-Engaged,1.3676118431301612,0.5389510360649478
87,34,2n Cycle,Married,27733.0,16,57,5,0,9,1,1,Low-Engagement,-1.7688404238065232,-0.22929486502047042
8659,63,PhD,Together,69805.0,50,1038,25,0,8,1,2,Established Value,1.5068579017976935,0.1097018088330431
6262,53,Master,Single,72217.0,93,1573,21,0,5,0,2,Established Value,2.170060381792971,-1.3644095472787396
6147,44,Graduation,Divorced,25818.0,51,28,3,0,7,1,1,Low-Engagement,-2.005148692081135,-0.8198594852236302
8832,39,Master,Together,37509.0,24,123,7,0,10,1,1,Low-Engagement,-1.3194599752084955,0.04998214519568844
10067,39,2n Cycle,Together,25176.0,79,13,3,0,8,2,1,Low-Engagement,-2.4586210441075145,-0.052248012543175466
7532,35,Graduation,Married,43586.0,26,132,7,0,11,1,1,Low-Engagement,-1.1503552063207994,0.27255415545278905
4915,59,2n Cycle,Married,53230.0,86,732,19,0,10,1,3,Digital-Engaged,0.4491765147623105,0.38660528514878917
2115,58,Graduation,Together,50116.0,68,66,5,1,6,2,1,Low-Engagement,-1.2376778649681264,-0.5907494454378959
2088,43,Graduation,Together,84906.0,98,1631,23,3,7,0,0,Premium High-Value,4.090469488011908,-1.0277608658285011
2493,49,Graduation,Married,61286.0,34,608,16,0,12,1,3,Digital-Engaged,0.3453002757456187,0.7896321155004113
6292,29,PhD,Married,82333.0,60,1822,17,1,6,0,2,Established Value,2.8329238843307434,-1.3233106179562553
1631,50,PhD,Together,65220.0,3,1282,19,0,14,0,3,Digital-Engaged,1.7214778401772717,0.8626634101718856
10104,41,Graduation,Together,33590.0,65,8,3,0,8,3,1,Low-Engagement,-2.700671420019333,0.48703496575417254
3006,39,Graduation,Divorced,30992.0,83,43,4,0,8,1,1,Low-Engagement,-1.7789055296958924,-0.5882516808174935
3919,39,Master,Single,72309.0,64,1931,19,1,8,0,2,Established Value,2.858672032052773,-0.7347359090206561
11181,66,PhD,Married,156924.0,85,8,0,0,0,0,2,Established Value,-0.23176473526564823,-3.4326729417323603
642,35,Basic,Married,16005.0,69,103,5,0,10,1,1,Low-Engagement,-1.9884562691744117,-0.00326477086573911
4369,58,Master,Absurd,65487.0,48,1169,14,0,5,0,2,Established Value,1.1522397956069759,-1.559838975837338
10127,50,Graduation,Married,58692.0,21,395,14,0,15,1,3,Digital-Engaged,-0.005361894854811878,1.4650328953670901
271,46,Graduation,Widow,40590.0,30,258,10,1,9,2,1,Low-Engagement,-0.9070483552054927,0.3940125331852599
4973,45,Graduation,Single,20587.0,39,25,4,0,8,1,1,Low-Engagement,-2.0508618952013693,-0.5112060735997727
2948,61,Master,Divorced,62637.0,76,185,9,0,4,1,1,Low-Engagement,-0.6010545103466531,-1.4668681547520623
2715,49,Master,Divorced,29435.0,11,180,7,0,12,2,1,Low-Engagement,-1.8776899643502507,1.126693862601157
10432,41,Graduation,Divorced,19346.0,26,22,4,0,9,1,1,Low-Engagement,-2.0704354713649216,-0.250742452310256
9216,44,Graduation,Married,35788.0,34,44,5,0,8,2,1,Low-Engagement,-2.041768475691656,0.03488488175560144
7124,47,Graduation,Divorced,36997.0,72,94,7,0,7,2,1,Low-Engagement,-1.838251421017396,-0.17684170419375123
9727,58,Graduation,Married,23539.0,13,81,6,0,8,0,1,Low-Engagement,-1.3507755798618268,-0.9705332568476226
5136,42,Graduation,Single,65333.0,58,798,21,2,15,1,0,Premium High-Value,1.9376877589298092,1.5489492828106621
9790,58,Graduation,Single,78499.0,12,1334,18,1,15,0,3,Digital-Engaged,2.4981860401672313,0.9593988171211086
1818,44,PhD,Together,29732.0,23,38,4,0,11,1,1,Low-Engagement,-1.777427289658099,0.2070174846914775
1100,55,Master,Together,41275.0,33,61,7,0,8,3,1,Low-Engagement,-2.1979228395409915,0.6438215642083763
7873,42,PhD,Together,63516.0,30,300,12,0,9,2,1,Low-Engagement,-0.6431052944973895,0.45706170652674
10609,53,PhD,Married,42769.0,15,88,6,0,5,1,1,Low-Engagement,-1.3681627061790713,-1.2111368198980297
6950,57,Master,Married,49572.0,25,54,5,0,9,2,1,Low-Engagement,-1.6877551214552107,0.2448217292622309
7233,43,Graduation,Married,69209.0,4,1782,14,1,9,0,2,Established Value,2.308985410038941,-0.6062613474222116
9481,39,Graduation,Married,17148.0,80,68,7,0,11,1,1,Low-Engagement,-1.836936746187274,0.29860790509695384
7699,46,Graduation,Widow,40590.0,30,258,10,1,9,2,1,Low-Engagement,-0.9070483552054927,0.3940125331852599
2711,39,Master,Together,30560.0,6,31,4,0,8,1,1,Low-Engagement,-1.8097219608791952,-0.5083189316904853
8933,32,2n Cycle,Married,32146.0,16,66,6,0,8,1,1,Low-Engagement,-1.599500748585559,-0.449392667318132
8726,51,2n Cycle,Divorced,41713.0,57,174,8,0,9,2,1,Low-Engagement,-1.556036017124828,0.34830443787127624
1515,40,Master,Together,34176.0,9,28,4,0,4,1,1,Low-Engagement,-1.783454602802088,-1.4960606596972619
5186,60,PhD,Married,58482.0,59,731,20,1,13,1,3,Digital-Engaged,1.149379886140212,1.1048555335345602
10157,50,Graduation,Single,59686.0,78,274,11,0,8,1,1,Low-Engagement,-0.39414950591714165,-0.4116774662407382
5667,51,PhD,Married,60896.0,90,1701,23,0,15,1,3,Digital-Engaged,1.854880015136706,1.7334672206542412
902,35,Graduation,Together,62994.0,74,312,12,0,12,1,3,Digital-Engaged,-0.15288483918179172,0.5928457437577745
977,58,Graduation,Together,47320.0,10,414,14,0,11,1,3,Digital-Engaged,-0.32166081513411054,0.5383084253951678
7313,66,2n Cycle,Widow,74859.0,63,1565,22,1,9,0,2,Established Value,2.815426902542307,-0.3917191564704159
7600,23,Basic,Single,15253.0,13,29,4,0,8,1,1,Low-Engagement,-2.1788478065646677,-0.4680444266749785
9706,41,PhD,Single,31560.0,98,94,6,0,10,1,1,Low-Engagement,-1.548996084101521,-0.0443912222005728
2429,61,Graduation,Divorced,72071.0,4,1338,17,0,7,1,2,Established Value,1.252296207685861,-0.3851256325261186
3520,25,Master,Single,91172.0,94,1092,14,4,7,0,0,Premium High-Value,3.594561461426968,-1.4405319740339297
10394,31,Graduation,Married,90000.0,91,1479,17,3,5,0,0,Premium High-Value,3.628335478350669,-1.7458247076570341
4548,34,Graduation,Single,41967.0,66,54,4,0,5,2,1,Low-Engagement,-1.993664886782769,-0.7837949894660341
9362,50,Graduation,Single,69263.0,14,568,17,1,15,1,3,Digital-Engaged,1.0769596442444185,1.4918530429529135
3968,45,2n Cycle,Divorced,65706.0,77,1199,26,3,18,0,0,Premium High-Value,3.608337370993143,1.8359915771056092
4084,40,Graduation,Together,60934.0,41,873,21,0,10,1,3,Digital-Engaged,0.8947175919310218,0.48395148458201975
6721,64,Graduation,Married,71965.0,21,1213,14,0,9,1,2,Established Value,0.9598455875084846,-0.02735186993571073
2829,60,Graduation,Married,65210.0,25,731,20,2,15,1,0,Premium High-Value,1.8007916326868623,1.5454968717714042
1772,40,PhD,Married,79174.0,2,2043,18,2,7,0,0,Premium High-Value,3.496783162615398,-1.031589052599737
1544,48,Master,Divorced,81380.0,51,1893,16,0,6,0,2,Established Value,2.3381879622653736,-1.2872455204323308
492,42,PhD,YOLO,48432.0,3,424,14,0,15,1,3,Digital-Engaged,-0.22842070241221588,1.5155587623306597
4377,44,Graduation,Married,52914.0,32,575,13,1,14,1,3,Digital-Engaged,0.39876070271663605,1.1334802357513512
4541,60,Graduation,Together,38946.0,84,257,10,0,8,1,1,Low-Engagement,-0.9772576179742145,-0.3905440247575427
1321,41,Graduation,Married,26067.0,49,56,6,0,11,1,1,Low-Engagement,-1.7067556257238314,0.26567884292343
8858,43,PhD,Married,44325.0,69,542,17,1,16,1,3,Digital-Engaged,0.47526258765982954,1.7560061984294746
3266,51,Graduation,Married,42523.0,96,125,6,0,3,0,1,Low-Engagement,-0.9172436564932247,-2.3305545458103785
11187,37,Basic,Single,26487.0,23,69,6,0,7,1,1,Low-Engagement,-1.7466601616797204,-0.682331329228952
8207,58,2n Cycle,Married,53233.0,18,40,4,0,5,1,1,Low-Engagement,-1.2985463333646314,-1.3208518539157041
9723,55,Graduation,Married,67716.0,8,1016,24,1,12,1,3,Digital-Engaged,1.884930411142762,1.0354892526181807
2666,43,Master,Married,76234.0,21,907,22,1,11,1,3,Digital-Engaged,1.8396894281871186,0.6775605899692736
5721,59,PhD,Married,84117.0,60,1566,23,1,9,0,2,Established Value,3.1083635185977374,-0.38049886192938476
10652,58,Master,Together,65487.0,48,1169,14,0,5,0,2,Established Value,1.1522397956069759,-1.559838975837338
1646,43,Basic,Married,25224.0,36,46,5,0,4,1,1,Low-Engagement,-1.9095511596425192,-1.458874365141867
4418,32,Master,Single,89616.0,36,1644,24,0,9,0,2,Established Value,2.9126546255147048,-0.2753377203224086
2656,44,Graduation,Divorced,40851.0,63,59,4,0,8,2,1,Low-Engagement,-1.972601630653985,-0.04713968241864331
7990,68,Graduation,Married,27469.0,2,17,3,0,6,0,1,Low-Engagement,-1.55335543268108,-1.5694119246546747
8722,58,2n Cycle,Married,82347.0,38,1853,24,2,10,0,0,Premium High-Value,3.869337832321797,-0.12917050104267783
7118,58,Graduation,Married,73803.0,61,1528,20,1,15,1,3,Digital-Engaged,2.262075915708801,1.550712155337066
2980,63,Master,Single,8820.0,52,35,6,0,11,2,1,Low-Engagement,-2.5827808957624288,0.8669037358414375
1839,41,Graduation,Single,43322.0,25,141,7,0,10,0,1,Low-Engagement,-0.7206685228670018,-0.5199185970498434
10722,42,Graduation,Together,55593.0,63,546,15,1,12,1,3,Digital-Engaged,0.5513177381964872,0.6801347189150933
2632,61,Graduation,Married,50501.0,10,500,13,1,11,2,3,Digital-Engaged,-0.21579446259052854,0.983616047516411
9014,40,Graduation,Married,37085.0,65,61,6,0,11,2,1,Low-Engagement,-1.8779178071956923,0.7662718815237624
7620,25,Basic,Single,16185.0,71,106,6,0,10,1,1,Low-Engagement,-1.911470562835161,0.03100794151817819
10968,46,Graduation,Single,57731.0,0,704,22,0,14,1,3,Digital-Engaged,0.7890922950363045,1.5442330004027762
11133,42,PhD,YOLO,48432.0,3,424,14,0,15,1,3,Digital-Engaged,-0.22842070241221588,1.5155587623306597
2736,37,Graduation,Married,73807.0,88,849,21,0,7,1,2,Established Value,1.14495402632603,-0.3343437959447831
1876,25,Graduation,Married,18929.0,15,85,5,0,7,0,1,Low-Engagement,-1.5421466028715367,-1.2384438881670157
5959,47,Graduation,Single,35893.0,80,199,9,0,11,2,1,Low-Engagement,-1.5718159509679137,0.8666630581369547
1092,35,Graduation,Married,61014.0,17,1147,16,0,16,1,3,Digital-Engaged,0.8783649534895361,1.7871593957868324
4333,61,Graduation,Together,32144.0,76,54,6,1,9,2,1,Low-Engagement,-1.566236146327882,0.22357226775265132
3850,52,Basic,Together,14918.0,52,43,4,0,7,1,1,Low-Engagement,-2.1840578352438462,-0.7500846923706266
6168,52,Graduation,Divorced,45146.0,28,53,4,0,5,2,1,Low-Engagement,-1.922859732004906,-0.7548101423603308
607,60,2n Cycle,Divorced,41769.0,31,521,16,0,16,1,3,Digital-Engaged,-0.14417268406657593,1.8256879481260773
10469,34,Graduation,Together,88325.0,42,1623,17,0,8,0,2,Established Value,2.360918544031025,-0.7789564446915013
6983,65,Master,Divorced,38054.0,24,45,5,0,9,2,1,Low-Engagement,-1.9730174859109866,0.2814528911186062
3661,20,2n Cycle,Single,80617.0,42,1435,18,0,6,0,2,Established Value,2.047429806995578,-1.2069820328081096
9303,39,Graduation,Married,5305.0,12,32,1,0,14,1,1,Low-Engagement,-2.482798557576655,0.9064686324814686
692,61,Graduation,Together,36807.0,88,16,3,0,7,2,1,Low-Engagement,-2.1896173395808223,-0.34083197270669024
736,32,Graduation,Together,28427.0,67,52,5,0,10,1,1,Low-Engagement,-1.735628625003752,-0.04028482532123952
9589,67,PhD,Widow,82032.0,54,1234,17,0,5,0,2,Established Value,1.8184153171167572,-1.5060277207889372
4838,37,Graduation,Together,22775.0,40,15,3,0,9,1,1,Low-Engagement,-2.0621853017117493,-0.31260523474327667
9246,30,Master,Together,40101.0,73,415,13,0,13,1,3,Digital-Engaged,-0.5270243755149608,0.9461612603948646
6261,36,Graduation,Married,58025.0,81,470,15,0,7,1,1,Low-Engagement,0.006289057715031436,-0.5034469873933844
7366,33,Master,Single,75777.0,12,1438,20,2,4,0,0,Premium High-Value,2.9694272179579126,-1.6942606579856394
10659,36,2n Cycle,Together,7500.0,7,53,7,0,10,1,1,Low-Engagement,-2.104709246961451,0.1594344006950161
1448,52,Master,Married,33562.0,33,51,6,0,6,3,1,Low-Engagement,-2.491342527759218,0.14406479643480613
4286,45,PhD,Single,57642.0,24,679,19,1,11,1,3,Digital-Engaged,0.9792352256002856,0.6191180911271054
4749,47,Graduation,Together,58554.0,55,586,16,0,15,2,3,Digital-Engaged,-0.13640179039504946,2.057519244021957
4478,36,Graduation,Married,63777.0,87,653,18,0,19,2,3,Digital-Engaged,0.25116633739536975,3.0564583893297046
4201,53,Graduation,Single,57967.0,39,468,14,0,9,1,3,Digital-Engaged,-0.0426843372616529,-0.010475336476887016
10084,43,Graduation,Married,24434.0,9,50,5,0,9,2,1,Low-Engagement,-2.298046400176158,0.33906643783835366
7004,31,Graduation,Single,11012.0,82,84,6,1,12,1,1,Low-Engagement,-1.5604185960686399,0.4622961044608441
9817,45,Master,Single,44802.0,71,1049,25,0,17,0,3,Digital-Engaged,1.4920060429079074,1.8050311561927554
8080,29,Graduation,Single,26816.0,50,22,3,0,4,0,1,Low-Engagement,-1.5877565500666948,-2.1031239230952443
9432,38,Graduation,Together,666666.0,23,62,7,0,9,1,1,Low-Engagement,-0.018891959027336962,-0.369575483198927
8372,41,Graduation,Married,34421.0,81,30,3,0,8,1,1,Low-Engagement,-1.7780438304217643,-0.6338215409068293
10870,48,Graduation,Married,61223.0,46,1341,16,0,14,1,3,Digital-Engaged,1.0317972792187884,1.2722593936410078
4001,69,PhD,Together,64014.0,56,444,15,1,15,3,3,Digital-Engaged,-0.1800435878984757,2.492255727307628
7270,34,Graduation,Divorced,56981.0,91,1241,18,1,8,0,2,Established Value,1.804884144313177,-0.7591815009294278
8235,59,Master,Together,69245.0,8,843,21,0,9,1,3,Digital-Engaged,1.0489950928401168,0.2482408286193316
9405,61,PhD,Married,52869.0,40,172,8,0,10,2,1,Low-Engagement,-1.2770042123049037,0.5744367378395282
